date,medicine_name,selling_price,quantity_sold,total_price
03/01/2021,Valproate 500mg,7,205,1435
03/01/2021,Sildenafil 50mg,30,203,6090
03/01/2021,Duloxetine 30mg,19,216,4104
03/01/2021,Amoxicillin 500mg,11,164,1804
03/01/2021,Gentamicin 80mg/2ml,17,88,1496
03/01/2021,Clindamycin 300mg,10,168,1680
03/01/2021,Ketoconazole 2% cream,18,84,1512
03/01/2021,Morphine 10mg,28,144,4032
03/01/2021,Posaconazole 300mg,11,109,1199
03/01/2021,Carbamazepine 200mg,10,132,1320
10/01/2021,Atenolol 50mg,8,57,456
10/01/2021,Amoxicillin 500mg,11,174,1914
10/01/2021,Montelukast 10mg,10,210,2100
10/01/2021,Cyclobenzaprine 10mg,7,209,1463
10/01/2021,Methylprednisolone 4mg,10,206,2060
10/01/2021,Diazepam 5mg,26,81,2106
10/01/2021,Atorvastatin 20mg,15,118,1770
10/01/2021,Insulin Glargine 100IU/ml,25,98,2450
10/01/2021,Duloxetine 30mg,19,140,2660
10/01/2021,Phenylephrine 0.12%,11,68,748
17/01/2021,Cyclobenzaprine 10mg,7,164,1148
17/01/2021,Alprazolam 0.5mg,24,206,4944
17/01/2021,Rosiglitazone 4mg,23,229,5267
17/01/2021,Clozapine 25mg,22,97,2134
17/01/2021,Doxycycline 100mg,16,115,1840
17/01/2021,Fluoxetine 20mg,16,214,3424
17/01/2021,Oxycodone 10mg,26,133,3458
17/01/2021,Levothyroxine 50mcg,5,110,550
17/01/2021,Ibuprofen 200mg,7,188,1316
17/01/2021,Duloxetine 30mg,19,64,1216
24/01/2021,Clozapine 25mg,22,223,4906
24/01/2021,Lidocaine 2% injection,9,89,801
24/01/2021,Metoprolol 50mg,8,172,1376
24/01/2021,Meloxicam 15mg,8,258,2064
24/01/2021,Duloxetine 30mg,19,190,3610
24/01/2021,Linagliptin 5mg,33,228,7524
24/01/2021,Tolbutamide 500mg,30,162,4860
24/01/2021,Ezetimibe 10mg,13,111,1443
24/01/2021,Atenolol 50mg,8,237,1896
24/01/2021,Voriconazole 200mg,9,128,1152
31/01/2021,Empagliflozin 10mg,33,200,6600
31/01/2021,Baclofen 10mg,9,218,1962
31/01/2021,Valsartan 80mg,23,287,6601
31/01/2021,Paracetamol 500mg,6,92,552
31/01/2021,Amoxicillin 500mg,11,288,3168
31/01/2021,Gentamicin 80mg/2ml,17,287,4879
31/01/2021,Albuterol 100mcg,7,212,1484
31/01/2021,Tramadol 50mg,22,117,2574
31/01/2021,Lurasidone 40mg,17,249,4233
31/01/2021,Clindamycin 300mg,10,130,1300
07/02/2021,Methotrexate 2.5mg,22,142,3124
07/02/2021,Losartan 50mg,10,86,860
07/02/2021,Pantoprazole 40mg,8,235,1880
07/02/2021,Pregabalin 75mg,22,130,2860
07/02/2021,Meloxicam 15mg,8,208,1664
07/02/2021,Chlorpropamide 250mg,26,153,3978
07/02/2021,Paracetamol 500mg,6,103,618
07/02/2021,Baclofen 10mg,9,172,1548
07/02/2021,Teneligliptin 20mg,15,238,3570
07/02/2021,Chlorhexidine 0.2% solution,13,272,3536
14/02/2021,Clozapine 25mg,22,192,4224
14/02/2021,Dapagliflozin 10mg,36,244,8784
14/02/2021,Finasteride 1mg,10,167,1670
14/02/2021,Ceftriaxone 1g,31,241,7471
14/02/2021,Tolbutamide 500mg,30,121,3630
14/02/2021,Lurasidone 40mg,17,133,2261
14/02/2021,Levothyroxine 50mcg,5,212,1060
14/02/2021,Glimepiride 2mg,25,289,7225
14/02/2021,Risperidone 1mg,7,148,1036
14/02/2021,Voriconazole 200mg,9,108,972
21/02/2021,Metoprolol 50mg,8,319,2552
21/02/2021,Oxycodone 10mg,26,146,3796
21/02/2021,Glimepiride 2mg,25,185,4625
21/02/2021,Voriconazole 200mg,9,326,2934
21/02/2021,Chlorhexidine 0.2% solution,13,171,2223
21/02/2021,Doxycycline 100mg,16,113,1808
21/02/2021,Cyclobenzaprine 10mg,7,232,1624
21/02/2021,Paracetamol 500mg,6,337,2022
21/02/2021,Losartan 50mg,10,204,2040
21/02/2021,Cetirizine 10mg,6,330,1980
28/02/2021,Atorvastatin 20mg,15,346,5190
28/02/2021,Losartan 50mg,10,133,1330
28/02/2021,Montelukast 10mg,10,260,2600
28/02/2021,Chlorhexidine 0.2% solution,13,351,4563
28/02/2021,Meloxicam 15mg,8,324,2592
28/02/2021,Diazepam 5mg,26,189,4914
28/02/2021,Folic Acid 5mg,4,184,736
28/02/2021,Clozapine 25mg,22,149,3278
28/02/2021,Clopidogrel 75mg,12,178,2136
28/02/2021,Doxycycline 100mg,16,335,5360
07/03/2021,Aspirin 75mg,5,175,875
07/03/2021,Gabapentin 300mg,14,343,4802
07/03/2021,Doxycycline 100mg,16,173,2768
07/03/2021,Fluconazole 150mg,10,171,1710
07/03/2021,Teneligliptin 20mg,15,218,3270
07/03/2021,Propranolol 40mg,8,116,928
07/03/2021,Omeprazole 20mg,9,154,1386
07/03/2021,Aripiprazole 10mg,27,103,2781
07/03/2021,Midazolam 5mg/ml,6,367,2202
07/03/2021,Alprazolam 0.5mg,24,162,3888
14/03/2021,Ibuprofen 200mg,7,265,1855
14/03/2021,Amlodipine 5mg,11,365,4015
14/03/2021,Acyclovir 400mg,6,218,1308
14/03/2021,Pioglitazone 15mg,19,181,3439
14/03/2021,Methotrexate 2.5mg,22,363,7986
14/03/2021,Amphotericin B 50mg,12,342,4104
14/03/2021,Alprazolam 0.5mg,24,340,8160
14/03/2021,Gentamicin 80mg/2ml,17,301,5117
14/03/2021,Levothyroxine 50mcg,5,274,1370
14/03/2021,Lamotrigine 100mg,8,319,2552
21/03/2021,Phenobarbital 30mg,8,254,2032
21/03/2021,Fluconazole 150mg,10,197,1970
21/03/2021,Meloxicam 15mg,8,163,1304
21/03/2021,Cetirizine Hydrochloride 10mg,6,149,894
21/03/2021,Pregabalin 75mg,22,234,5148
21/03/2021,Amoxicillin 500mg,11,112,1232
21/03/2021,Lurasidone 40mg,17,126,2142
21/03/2021,Midazolam 5mg/ml,6,100,600
21/03/2021,Paliperidone 3mg,20,199,3980
21/03/2021,Pantoprazole 40mg,8,110,880
28/03/2021,Gliclazide 80mg,28,249,6972
28/03/2021,Cetirizine 10mg,6,374,2244
28/03/2021,Clozapine 25mg,22,161,3542
28/03/2021,Meloxicam 15mg,8,346,2768
28/03/2021,Ezetimibe 10mg,13,312,4056
28/03/2021,Cyclobenzaprine 10mg,7,282,1974
28/03/2021,Tolbutamide 500mg,30,350,10500
28/03/2021,Valproate 500mg,7,123,861
28/03/2021,Morphine 10mg,28,326,9128
28/03/2021,Glimepiride 2mg,25,368,9200
04/04/2021,Teneligliptin 20mg,15,204,3060
04/04/2021,Budesonide 100mcg,20,236,4720
04/04/2021,Atorvastatin 20mg,15,154,2310
04/04/2021,Ketoconazole 2% cream,18,264,4752
04/04/2021,Valsartan 80mg,23,306,7038
04/04/2021,Meloxicam 15mg,8,166,1328
04/04/2021,Amiodarone 200mg,25,132,3300
04/04/2021,Esomeprazole 40mg,12,280,3360
04/04/2021,Apixaban 5mg,35,194,6790
04/04/2021,Voriconazole 200mg,9,112,1008
11/04/2021,Voriconazole 200mg,9,119,1071
11/04/2021,Quetiapine 25mg,13,147,1911
11/04/2021,Canagliflozin 100mg,37,340,12580
11/04/2021,Cetirizine 10mg,6,290,1740
11/04/2021,Fluoxetine 20mg,16,125,2000
11/04/2021,Ondansetron 4mg,12,261,3132
11/04/2021,Paliperidone 3mg,20,278,5560
11/04/2021,Gentamicin 80mg/2ml,17,290,4930
11/04/2021,Metformin 500mg,13,294,3822
11/04/2021,Gliclazide 80mg,28,147,4116
18/04/2021,Gliclazide 80mg,28,218,6104
18/04/2021,Teneligliptin 20mg,15,149,2235
18/04/2021,Apixaban 5mg,35,108,3780
18/04/2021,Ezetimibe 10mg,13,240,3120
18/04/2021,Furosemide 40mg,9,230,2070
18/04/2021,Simvastatin 40mg,10,346,3460
18/04/2021,Lamotrigine 100mg,8,161,1288
18/04/2021,Cetirizine 10mg,6,317,1902
18/04/2021,Metoprolol 50mg,8,110,880
18/04/2021,Ibuprofen 200mg,7,183,1281
25/04/2021,Amoxicillin 500mg,11,352,3872
25/04/2021,Albuterol 100mcg,7,224,1568
25/04/2021,Metformin 500mg,13,373,4849
25/04/2021,Pioglitazone 15mg,19,224,4256
25/04/2021,Aspirin 75mg,5,125,625
25/04/2021,Doxycycline 100mg,16,342,5472
25/04/2021,Paliperidone 3mg,20,220,4400
25/04/2021,Propranolol 40mg,8,309,2472
25/04/2021,Amiodarone 200mg,25,125,3125
25/04/2021,Montelukast 10mg,10,205,2050
02/05/2021,Acyclovir 400mg,6,352,2112
02/05/2021,Hydrochlorothiazide 25mg,5,105,525
02/05/2021,Doxycycline 100mg,16,213,3408
02/05/2021,Omeprazole 20mg,9,226,2034
02/05/2021,Alogliptin 25mg,14,329,4606
02/05/2021,Cyclobenzaprine 10mg,7,369,2583
02/05/2021,Aripiprazole 10mg,27,301,8127
02/05/2021,Clopidogrel 75mg,12,186,2232
02/05/2021,Rivaroxaban 10mg,32,320,10240
02/05/2021,Morphine 10mg,28,128,3584
09/05/2021,Apixaban 5mg,35,182,6370
09/05/2021,Citalopram 20mg,15,92,1380
09/05/2021,Finasteride 1mg,10,202,2020
09/05/2021,Hydrochlorothiazide 25mg,5,169,845
09/05/2021,Rosuvastatin 10mg,27,326,8802
09/05/2021,Losartan 50mg,10,154,1540
09/05/2021,Valproate 500mg,7,288,2016
09/05/2021,Linagliptin 5mg,33,304,10032
09/05/2021,Chlorpropamide 250mg,26,213,5538
09/05/2021,Baclofen 10mg,9,275,2475
16/05/2021,Valsartan 80mg,23,136,3128
16/05/2021,Diazepam 5mg,26,174,4524
16/05/2021,Sildenafil 50mg,30,94,2820
16/05/2021,Amphotericin B 50mg,12,90,1080
16/05/2021,Rivaroxaban 10mg,32,136,4352
16/05/2021,Methylprednisolone 4mg,10,213,2130
16/05/2021,Quetiapine 25mg,13,157,2041
16/05/2021,Pioglitazone 15mg,19,96,1824
16/05/2021,Lisinopril 10mg,15,339,5085
16/05/2021,Morphine 10mg,28,136,3808
23/05/2021,Cetirizine 10mg,6,222,1332
23/05/2021,Posaconazole 300mg,11,221,2431
23/05/2021,Montelukast 10mg,10,257,2570
23/05/2021,Apixaban 5mg,35,121,4235
23/05/2021,Simvastatin 40mg,10,182,1820
23/05/2021,Hydralazine 25mg,5,216,1080
23/05/2021,Valproate 500mg,7,149,1043
23/05/2021,Diazepam 5mg,26,266,6916
23/05/2021,Dapagliflozin 10mg,36,98,3528
23/05/2021,Sildenafil 50mg,30,209,6270
30/05/2021,Atenolol 50mg,8,175,1400
30/05/2021,Clopidogrel 75mg,12,159,1908
30/05/2021,Clozapine 25mg,22,200,4400
30/05/2021,Pregabalin 75mg,22,116,2552
30/05/2021,Hydrochlorothiazide 25mg,5,269,1345
30/05/2021,Quetiapine 25mg,13,293,3809
30/05/2021,Midazolam 5mg/ml,6,183,1098
30/05/2021,Folic Acid 5mg,4,100,400
30/05/2021,Hydralazine 25mg,5,158,790
30/05/2021,Fluoxetine 20mg,16,111,1776
06/06/2021,Midazolam 5mg/ml,6,142,852
06/06/2021,Amlodipine 5mg,11,162,1782
06/06/2021,Tramadol 50mg,22,143,3146
06/06/2021,Apixaban 5mg,35,194,6790
06/06/2021,Duloxetine 30mg,19,150,2850
06/06/2021,Cyclobenzaprine 10mg,7,200,1400
06/06/2021,Baclofen 10mg,9,219,1971
06/06/2021,Alprazolam 0.5mg,24,164,3936
06/06/2021,Montelukast 10mg,10,137,1370
06/06/2021,Folic Acid 5mg,4,266,1064
13/06/2021,Losartan 50mg,10,77,770
13/06/2021,Paliperidone 3mg,20,182,3640
13/06/2021,Meloxicam 15mg,8,67,536
13/06/2021,Sertraline 50mg,13,204,2652
13/06/2021,Budesonide 100mcg,20,135,2700
13/06/2021,Propranolol 40mg,8,178,1424
13/06/2021,Gentamicin 80mg/2ml,17,155,2635
13/06/2021,Azithromycin 250mg,11,119,1309
13/06/2021,Amlodipine 5mg,11,151,1661
13/06/2021,Fluoxetine 20mg,16,165,2640
20/06/2021,Aripiprazole 10mg,27,149,4023
20/06/2021,Sertraline 50mg,13,179,2327
20/06/2021,Ketoconazole 2% cream,18,175,3150
20/06/2021,Baclofen 10mg,9,221,1989
20/06/2021,Pioglitazone 15mg,19,221,4199
20/06/2021,Spironolactone 25mg,8,157,1256
20/06/2021,Duloxetine 30mg,19,96,1824
20/06/2021,Meloxicam 15mg,8,210,1680
20/06/2021,Carbamazepine 200mg,10,194,1940
20/06/2021,Ondansetron 4mg,12,239,2868
27/06/2021,Rosiglitazone 4mg,23,151,3473
27/06/2021,Ceftriaxone 1g,31,61,1891
27/06/2021,Hydrochlorothiazide 25mg,5,205,1025
27/06/2021,Valproate 500mg,7,132,924
27/06/2021,Sertraline 50mg,13,96,1248
27/06/2021,Amphotericin B 50mg,12,124,1488
27/06/2021,Citalopram 20mg,15,106,1590
27/06/2021,Vildagliptin 50mg,11,63,693
27/06/2021,Azithromycin 250mg,11,88,968
27/06/2021,Furosemide 40mg,9,103,927
04/07/2021,Hydralazine 25mg,5,62,310
04/07/2021,Cyclobenzaprine 10mg,7,57,399
04/07/2021,Rivaroxaban 10mg,32,78,2496
04/07/2021,Montelukast 10mg,10,162,1620
04/07/2021,Carbamazepine 200mg,10,177,1770
04/07/2021,Clonazepam 1mg,24,174,4176
04/07/2021,Clindamycin 300mg,10,77,770
04/07/2021,Warfarin 5mg,21,63,1323
04/07/2021,Ceftriaxone 1g,31,85,2635
04/07/2021,Atenolol 50mg,8,133,1064
11/07/2021,Levothyroxine 50mcg,5,86,430
11/07/2021,Propranolol 40mg,8,153,1224
11/07/2021,Diazepam 5mg,26,154,4004
11/07/2021,Doxycycline 100mg,16,166,2656
11/07/2021,Budesonide 100mcg,20,89,1780
11/07/2021,Sildenafil 50mg,30,81,2430
11/07/2021,Linagliptin 5mg,33,97,3201
11/07/2021,Methylprednisolone 4mg,10,157,1570
11/07/2021,Aripiprazole 10mg,27,139,3753
11/07/2021,Olanzapine 5mg,14,151,2114
18/07/2021,Warfarin 5mg,21,100,2100
18/07/2021,Ranitidine 150mg,6,95,570
18/07/2021,Metoprolol 50mg,8,48,384
18/07/2021,Sertraline 50mg,13,79,1027
18/07/2021,Clonazepam 1mg,24,149,3576
18/07/2021,Furosemide 40mg,9,74,666
18/07/2021,Diazepam 5mg,26,38,988
18/07/2021,Paliperidone 3mg,20,41,820
18/07/2021,Spironolactone 25mg,8,56,448
18/07/2021,Voriconazole 200mg,9,78,702
25/07/2021,Sildenafil 50mg,30,76,2280
25/07/2021,Amlodipine 5mg,11,99,1089
25/07/2021,Furosemide 40mg,9,34,306
25/07/2021,Carbamazepine 200mg,10,54,540
25/07/2021,Duloxetine 30mg,19,126,2394
25/07/2021,Levothyroxine 50mcg,5,43,215
25/07/2021,Quetiapine 25mg,13,45,585
25/07/2021,Ibuprofen 200mg,7,35,245
25/07/2021,Atenolol 50mg,8,60,480
25/07/2021,Valproate 500mg,7,83,581
01/08/2021,Clozapine 25mg,22,77,1694
01/08/2021,Fluoxetine 20mg,16,72,1152
01/08/2021,Tamsulosin 0.4mg,18,32,576
01/08/2021,Amphotericin B 50mg,12,64,768
01/08/2021,Tramadol 50mg,22,77,1694
01/08/2021,Cetirizine 10mg,6,78,468
01/08/2021,Lamotrigine 100mg,8,80,640
01/08/2021,Alprazolam 0.5mg,24,57,1368
01/08/2021,Sitagliptin 100mg,15,95,1425
01/08/2021,Amoxicillin 500mg,11,51,561
08/08/2021,Morphine 10mg,28,31,868
08/08/2021,Posaconazole 300mg,11,33,363
08/08/2021,Fluoxetine 20mg,16,53,848
08/08/2021,Montelukast 10mg,10,33,330
08/08/2021,Clonazepam 1mg,24,40,960
08/08/2021,Metoprolol 50mg,8,64,512
08/08/2021,Spironolactone 25mg,8,51,408
08/08/2021,Baclofen 10mg,9,31,279
08/08/2021,Gentamicin 80mg/2ml,17,30,510
08/08/2021,Ibuprofen 200mg,7,34,238
15/08/2021,Finasteride 1mg,10,19,190
15/08/2021,Metformin 500mg,13,16,208
15/08/2021,Methylprednisolone 4mg,10,58,580
15/08/2021,Paracetamol 500mg,6,49,294
15/08/2021,Azithromycin 250mg,11,36,396
15/08/2021,Midazolam 5mg/ml,6,63,378
15/08/2021,Insulin Glargine 100IU/ml,25,28,700
15/08/2021,Sitagliptin 100mg,15,62,930
15/08/2021,Losartan 50mg,10,37,370
15/08/2021,Fluconazole 150mg,10,48,480
22/08/2021,Lamotrigine 100mg,8,28,224
22/08/2021,Metformin 500mg,13,14,182
22/08/2021,Vildagliptin 50mg,11,33,363
22/08/2021,Amlodipine 5mg,11,21,231
22/08/2021,Tolbutamide 500mg,30,46,1380
22/08/2021,Furosemide 40mg,9,44,396
22/08/2021,Metoprolol 50mg,8,43,344
22/08/2021,Phenylephrine 0.12%,11,41,451
22/08/2021,Duloxetine 30mg,19,39,741
22/08/2021,Oxycodone 10mg,26,49,1274
29/08/2021,Lurasidone 40mg,17,27,459
29/08/2021,Alprazolam 0.5mg,24,20,480
29/08/2021,Meloxicam 15mg,8,31,248
29/08/2021,Glimepiride 2mg,25,33,825
29/08/2021,Dapagliflozin 10mg,36,9,324
29/08/2021,Quetiapine 25mg,13,25,325
29/08/2021,Propranolol 40mg,8,33,264
29/08/2021,Doxycycline 100mg,16,30,480
29/08/2021,Apixaban 5mg,35,27,945
29/08/2021,Teneligliptin 20mg,15,9,135
05/09/2021,Albuterol 100mcg,7,15,105
05/09/2021,Clopidogrel 75mg,12,19,228
05/09/2021,Teneligliptin 20mg,15,15,225
05/09/2021,Pregabalin 75mg,22,11,242
05/09/2021,Pioglitazone 15mg,19,8,152
05/09/2021,Budesonide 100mcg,20,19,380
05/09/2021,Amoxicillin 500mg,11,13,143
05/09/2021,Amlodipine 5mg,11,8,88
05/09/2021,Canagliflozin 100mg,37,19,703
05/09/2021,Atenolol 50mg,8,8,64
12/09/2021,Tolbutamide 500mg,30,3,90
12/09/2021,Sildenafil 50mg,30,11,330
12/09/2021,Morphine 10mg,28,12,336
12/09/2021,Propranolol 40mg,8,5,40
12/09/2021,Risperidone 1mg,7,5,35
12/09/2021,Dapagliflozin 10mg,36,11,396
12/09/2021,Phenylephrine 0.12%,11,6,66
12/09/2021,Meloxicam 15mg,8,5,40
12/09/2021,Lorazepam 2mg,7,9,63
12/09/2021,Cetirizine Hydrochloride 10mg,6,8,48
19/09/2021,Posaconazole 300mg,11,2,22
19/09/2021,Gabapentin 300mg,14,4,56
19/09/2021,Esomeprazole 40mg,12,4,48
19/09/2021,Metformin 500mg,13,4,52
19/09/2021,Clopidogrel 75mg,12,4,48
19/09/2021,Amlodipine 5mg,11,2,22
19/09/2021,Levofloxacin 500mg,20,1,20
19/09/2021,Fluoxetine 20mg,16,1,16
19/09/2021,Clozapine 25mg,22,1,22
19/09/2021,Dapagliflozin 10mg,36,4,144
26/09/2021,Aspirin 75mg,5,1,5
26/09/2021,Posaconazole 300mg,11,0,0
26/09/2021,Carbamazepine 200mg,10,0,0
26/09/2021,Propranolol 40mg,8,0,0
26/09/2021,Aripiprazole 10mg,27,1,27
26/09/2021,Quetiapine 25mg,13,0,0
26/09/2021,Lamotrigine 100mg,8,0,0
26/09/2021,Rivaroxaban 10mg,32,0,0
26/09/2021,Duloxetine 30mg,19,0,0
26/09/2021,Voriconazole 200mg,9,0,0
03/10/2021,Methotrexate 2.5mg,22,0,0
03/10/2021,Ibuprofen 200mg,7,0,0
03/10/2021,Lisinopril 10mg,15,0,0
03/10/2021,Sitagliptin 100mg,15,0,0
03/10/2021,Doxycycline 100mg,16,0,0
03/10/2021,Rivaroxaban 10mg,32,0,0
03/10/2021,Pantoprazole 40mg,8,0,0
03/10/2021,Rosiglitazone 4mg,23,0,0
03/10/2021,Rosuvastatin 10mg,27,0,0
03/10/2021,Ranitidine 150mg,6,0,0
10/10/2021,Amphotericin B 50mg,12,1,12
10/10/2021,Quetiapine 25mg,13,1,13
10/10/2021,Valproate 500mg,7,0,0
10/10/2021,Pioglitazone 15mg,19,0,0
10/10/2021,Finasteride 1mg,10,0,0
10/10/2021,Dapagliflozin 10mg,36,1,36
10/10/2021,Cetirizine 10mg,6,1,6
10/10/2021,Rosiglitazone 4mg,23,0,0
10/10/2021,Lamotrigine 100mg,8,1,8
10/10/2021,Methylprednisolone 4mg,10,0,0
17/10/2021,Insulin Glargine 100IU/ml,25,4,100
17/10/2021,Pioglitazone 15mg,19,2,38
17/10/2021,Gentamicin 80mg/2ml,17,3,51
17/10/2021,Clozapine 25mg,22,2,44
17/10/2021,Cyclobenzaprine 10mg,7,3,21
17/10/2021,Tolbutamide 500mg,30,4,120
17/10/2021,Albuterol 100mcg,7,2,14
17/10/2021,Apixaban 5mg,35,5,175
17/10/2021,Alogliptin 25mg,14,4,56
17/10/2021,Aspirin 75mg,5,5,25
24/10/2021,Carbamazepine 200mg,10,6,60
24/10/2021,Risperidone 1mg,7,9,63
24/10/2021,Glimepiride 2mg,25,12,300
24/10/2021,Budesonide 100mcg,20,8,160
24/10/2021,Valsartan 80mg,23,11,253
24/10/2021,Canagliflozin 100mg,37,8,296
24/10/2021,Chlorpropamide 250mg,26,6,156
24/10/2021,Cetirizine Hydrochloride 10mg,6,10,60
24/10/2021,Clonazepam 1mg,24,7,168
24/10/2021,Clopidogrel 75mg,12,5,60
31/10/2021,Fluconazole 150mg,10,19,190
31/10/2021,Cetirizine Hydrochloride 10mg,6,19,114
31/10/2021,Cyclobenzaprine 10mg,7,21,147
31/10/2021,Amphotericin B 50mg,12,18,216
31/10/2021,Rosuvastatin 10mg,27,6,162
31/10/2021,Methotrexate 2.5mg,22,20,440
31/10/2021,Insulin Glargine 100IU/ml,25,16,400
31/10/2021,Tamsulosin 0.4mg,18,14,252
31/10/2021,Olanzapine 5mg,14,16,224
31/10/2021,Tolbutamide 500mg,30,14,420
07/11/2021,Gentamicin 80mg/2ml,17,20,340
07/11/2021,Losartan 50mg,10,11,110
07/11/2021,Amlodipine 5mg,11,18,198
07/11/2021,Ezetimibe 10mg,13,13,169
07/11/2021,Valsartan 80mg,23,15,345
07/11/2021,Cyclobenzaprine 10mg,7,16,112
07/11/2021,Insulin Glargine 100IU/ml,25,29,725
07/11/2021,Doxycycline 100mg,16,17,272
07/11/2021,Azithromycin 250mg,11,24,264
07/11/2021,Phenylephrine 0.12%,11,17,187
14/11/2021,Clindamycin 300mg,10,31,310
14/11/2021,Midazolam 5mg/ml,6,46,276
14/11/2021,Pioglitazone 15mg,19,18,342
14/11/2021,Citalopram 20mg,15,22,330
14/11/2021,Levofloxacin 500mg,20,29,580
14/11/2021,Fluoxetine 20mg,16,38,608
14/11/2021,Hydralazine 25mg,5,49,245
14/11/2021,Olanzapine 5mg,14,22,308
14/11/2021,Aripiprazole 10mg,27,24,648
14/11/2021,Folic Acid 5mg,4,35,140
21/11/2021,Linagliptin 5mg,33,62,2046
21/11/2021,Chlorhexidine 0.2% solution,13,26,338
21/11/2021,Alogliptin 25mg,14,22,308
21/11/2021,Aripiprazole 10mg,27,57,1539
21/11/2021,Folic Acid 5mg,4,37,148
21/11/2021,Spironolactone 25mg,8,62,496
21/11/2021,Hydrochlorothiazide 25mg,5,16,80
21/11/2021,Vildagliptin 50mg,11,19,209
21/11/2021,Pioglitazone 15mg,19,21,399
21/11/2021,Levothyroxine 50mcg,5,43,215
28/11/2021,Spironolactone 25mg,8,82,656
28/11/2021,Teneligliptin 20mg,15,85,1275
28/11/2021,Alogliptin 25mg,14,68,952
28/11/2021,Lamotrigine 100mg,8,32,256
28/11/2021,Fluconazole 150mg,10,26,260
28/11/2021,Simvastatin 40mg,10,50,500
28/11/2021,Methylprednisolone 4mg,10,69,690
28/11/2021,Atorvastatin 20mg,15,60,900
28/11/2021,Methotrexate 2.5mg,22,21,462
28/11/2021,Warfarin 5mg,21,85,1785
05/12/2021,Phenylephrine 0.12%,11,82,902
05/12/2021,Ezetimibe 10mg,13,62,806
05/12/2021,Amoxicillin 500mg,11,47,517
05/12/2021,Dapagliflozin 10mg,36,39,1404
05/12/2021,Carbamazepine 200mg,10,81,810
05/12/2021,Lisinopril 10mg,15,43,645
05/12/2021,Pioglitazone 15mg,19,89,1691
05/12/2021,Vildagliptin 50mg,11,102,1122
05/12/2021,Phenobarbital 30mg,8,74,592
05/12/2021,Diazepam 5mg,26,56,1456
12/12/2021,Montelukast 10mg,10,53,530
12/12/2021,Ketoconazole 2% cream,18,83,1494
12/12/2021,Tramadol 50mg,22,120,2640
12/12/2021,Gentamicin 80mg/2ml,17,99,1683
12/12/2021,Clonazepam 1mg,24,93,2232
12/12/2021,Aripiprazole 10mg,27,108,2916
12/12/2021,Acyclovir 400mg,6,115,690
12/12/2021,Cetirizine Hydrochloride 10mg,6,77,462
12/12/2021,Tolbutamide 500mg,30,123,3690
12/12/2021,Voriconazole 200mg,9,78,702
19/12/2021,Warfarin 5mg,21,93,1953
19/12/2021,Apixaban 5mg,35,47,1645
19/12/2021,Folic Acid 5mg,4,145,580
19/12/2021,Empagliflozin 10mg,33,55,1815
19/12/2021,Fluoxetine 20mg,16,113,1808
19/12/2021,Valproate 500mg,7,143,1001
19/12/2021,Chlorhexidine 0.2% solution,13,76,988
19/12/2021,Canagliflozin 100mg,37,82,3034
19/12/2021,Quetiapine 25mg,13,121,1573
19/12/2021,Esomeprazole 40mg,12,134,1608
26/12/2021,Ketoconazole 2% cream,18,160,2880
26/12/2021,Gabapentin 300mg,14,109,1526
26/12/2021,Rosiglitazone 4mg,23,125,2875
26/12/2021,Canagliflozin 100mg,37,144,5328
26/12/2021,Apixaban 5mg,35,89,3115
26/12/2021,Sitagliptin 100mg,15,58,870
26/12/2021,Lurasidone 40mg,17,145,2465
26/12/2021,Vildagliptin 50mg,11,91,1001
26/12/2021,Folic Acid 5mg,4,124,496
26/12/2021,Chlorpropamide 250mg,26,152,3952
02/01/2022,Lisinopril 10mg,15,130,1950
02/01/2022,Gabapentin 300mg,14,66,924
02/01/2022,Citalopram 20mg,15,74,1110
02/01/2022,Amiodarone 200mg,25,70,1750
02/01/2022,Losartan 50mg,10,196,1960
02/01/2022,Midazolam 5mg/ml,6,189,1134
02/01/2022,Carbamazepine 200mg,10,103,1030
02/01/2022,Duloxetine 30mg,19,177,3363
02/01/2022,Folic Acid 5mg,4,181,724
02/01/2022,Pregabalin 75mg,22,56,1232
09/01/2022,Vildagliptin 50mg,11,75,825
09/01/2022,Ketoconazole 2% cream,18,177,3186
09/01/2022,Linagliptin 5mg,33,63,2079
09/01/2022,Omeprazole 20mg,9,105,945
09/01/2022,Ranitidine 150mg,6,141,846
09/01/2022,Methotrexate 2.5mg,22,117,2574
09/01/2022,Lamotrigine 100mg,8,160,1280
09/01/2022,Clopidogrel 75mg,12,119,1428
09/01/2022,Chlorhexidine 0.2% solution,13,187,2431
09/01/2022,Montelukast 10mg,10,207,2070
16/01/2022,Aripiprazole 10mg,27,224,6048
16/01/2022,Oxycodone 10mg,26,203,5278
16/01/2022,Simvastatin 40mg,10,90,900
16/01/2022,Apixaban 5mg,35,180,6300
16/01/2022,Paracetamol 500mg,6,180,1080
16/01/2022,Cetirizine Hydrochloride 10mg,6,147,882
16/01/2022,Clonazepam 1mg,24,131,3144
16/01/2022,Warfarin 5mg,21,229,4809
16/01/2022,Tolbutamide 500mg,30,177,5310
16/01/2022,Amiodarone 200mg,25,226,5650
23/01/2022,Propranolol 40mg,8,81,648
23/01/2022,Citalopram 20mg,15,78,1170
23/01/2022,Clindamycin 300mg,10,184,1840
23/01/2022,Acyclovir 400mg,6,180,1080
23/01/2022,Diazepam 5mg,26,199,5174
23/01/2022,Alogliptin 25mg,14,208,2912
23/01/2022,Levothyroxine 50mcg,5,131,655
23/01/2022,Rosiglitazone 4mg,23,208,4784
23/01/2022,Tramadol 50mg,22,254,5588
23/01/2022,Hydralazine 25mg,5,224,1120
30/01/2022,Clozapine 25mg,22,235,5170
30/01/2022,Empagliflozin 10mg,33,80,2640
30/01/2022,Metformin 500mg,13,169,2197
30/01/2022,Lamotrigine 100mg,8,250,2000
30/01/2022,Lidocaine 2% injection,9,162,1458
30/01/2022,Methylprednisolone 4mg,10,145,1450
30/01/2022,Gentamicin 80mg/2ml,17,174,2958
30/01/2022,Ibuprofen 200mg,7,290,2030
30/01/2022,Rosuvastatin 10mg,27,240,6480
30/01/2022,Hydralazine 25mg,5,244,1220
06/02/2022,Paliperidone 3mg,20,301,6020
06/02/2022,Alogliptin 25mg,14,155,2170
06/02/2022,Lamotrigine 100mg,8,197,1576
06/02/2022,Levofloxacin 500mg,20,286,5720
06/02/2022,Duloxetine 30mg,19,294,5586
06/02/2022,Propranolol 40mg,8,197,1576
06/02/2022,Warfarin 5mg,21,307,6447
06/02/2022,Olanzapine 5mg,14,123,1722
06/02/2022,Doxycycline 100mg,16,186,2976
06/02/2022,Lisinopril 10mg,15,272,4080
13/02/2022,Atorvastatin 20mg,15,222,3330
13/02/2022,Alprazolam 0.5mg,24,134,3216
13/02/2022,Budesonide 100mcg,20,269,5380
13/02/2022,Diazepam 5mg,26,86,2236
13/02/2022,Lisinopril 10mg,15,166,2490
13/02/2022,Cetirizine Hydrochloride 10mg,6,284,1704
13/02/2022,Warfarin 5mg,21,98,2058
13/02/2022,Quetiapine 25mg,13,94,1222
13/02/2022,Chlorhexidine 0.2% solution,13,252,3276
13/02/2022,Amlodipine 5mg,11,166,1826
20/02/2022,Levothyroxine 50mcg,5,236,1180
20/02/2022,Amoxicillin 500mg,11,257,2827
20/02/2022,Clopidogrel 75mg,12,103,1236
20/02/2022,Insulin Glargine 100IU/ml,25,344,8600
20/02/2022,Acyclovir 400mg,6,344,2064
20/02/2022,Sildenafil 50mg,30,138,4140
20/02/2022,Clozapine 25mg,22,258,5676
20/02/2022,Sitagliptin 100mg,15,211,3165
20/02/2022,Folic Acid 5mg,4,131,524
20/02/2022,Phenobarbital 30mg,8,229,1832
27/02/2022,Olanzapine 5mg,14,240,3360
27/02/2022,Valproate 500mg,7,355,2485
27/02/2022,Lidocaine 2% injection,9,196,1764
27/02/2022,Morphine 10mg,28,286,8008
27/02/2022,Midazolam 5mg/ml,6,96,576
27/02/2022,Montelukast 10mg,10,189,1890
27/02/2022,Ceftriaxone 1g,31,311,9641
27/02/2022,Sertraline 50mg,13,277,3601
27/02/2022,Azithromycin 250mg,11,125,1375
27/02/2022,Rosiglitazone 4mg,23,209,4807
06/03/2022,Alogliptin 25mg,14,305,4270
06/03/2022,Glimepiride 2mg,25,197,4925
06/03/2022,Clozapine 25mg,22,322,7084
06/03/2022,Ondansetron 4mg,12,98,1176
06/03/2022,Propranolol 40mg,8,158,1264
06/03/2022,Pantoprazole 40mg,8,371,2968
06/03/2022,Acyclovir 400mg,6,275,1650
06/03/2022,Ibuprofen 200mg,7,341,2387
06/03/2022,Voriconazole 200mg,9,243,2187
06/03/2022,Canagliflozin 100mg,37,120,4440
13/03/2022,Teneligliptin 20mg,15,216,3240
13/03/2022,Esomeprazole 40mg,12,328,3936
13/03/2022,Simvastatin 40mg,10,259,2590
13/03/2022,Paracetamol 500mg,6,236,1416
13/03/2022,Midazolam 5mg/ml,6,259,1554
13/03/2022,Insulin Glargine 100IU/ml,25,369,9225
13/03/2022,Olanzapine 5mg,14,158,2212
13/03/2022,Fluconazole 150mg,10,249,2490
13/03/2022,Chlorhexidine 0.2% solution,13,166,2158
13/03/2022,Dapagliflozin 10mg,36,125,4500
20/03/2022,Finasteride 1mg,10,163,1630
20/03/2022,Albuterol 100mcg,7,185,1295
20/03/2022,Risperidone 1mg,7,390,2730
20/03/2022,Posaconazole 300mg,11,364,4004
20/03/2022,Ibuprofen 200mg,7,122,854
20/03/2022,Atenolol 50mg,8,323,2584
20/03/2022,Cetirizine Hydrochloride 10mg,6,193,1158
20/03/2022,Tamsulosin 0.4mg,18,134,2412
20/03/2022,Pioglitazone 15mg,19,191,3629
20/03/2022,Apixaban 5mg,35,204,7140
27/03/2022,Levofloxacin 500mg,20,324,6480
27/03/2022,Tamsulosin 0.4mg,18,288,5184
27/03/2022,Posaconazole 300mg,11,207,2277
27/03/2022,Losartan 50mg,10,211,2110
27/03/2022,Azithromycin 250mg,11,231,2541
27/03/2022,Amiodarone 200mg,25,231,5775
27/03/2022,Phenylephrine 0.12%,11,330,3630
27/03/2022,Rosuvastatin 10mg,27,225,6075
27/03/2022,Pioglitazone 15mg,19,163,3097
27/03/2022,Risperidone 1mg,7,143,1001
03/04/2022,Empagliflozin 10mg,33,372,12276
03/04/2022,Lidocaine 2% injection,9,284,2556
03/04/2022,Carbamazepine 200mg,10,304,3040
03/04/2022,Ondansetron 4mg,12,376,4512
03/04/2022,Doxycycline 100mg,16,162,2592
03/04/2022,Amlodipine 5mg,11,374,4114
03/04/2022,Omeprazole 20mg,9,304,2736
03/04/2022,Glimepiride 2mg,25,252,6300
03/04/2022,Pioglitazone 15mg,19,282,5358
03/04/2022,Apixaban 5mg,35,286,10010
10/04/2022,Meloxicam 15mg,8,366,2928
10/04/2022,Clonazepam 1mg,24,209,5016
10/04/2022,Midazolam 5mg/ml,6,320,1920
10/04/2022,Pregabalin 75mg,22,151,3322
10/04/2022,Atorvastatin 20mg,15,163,2445
10/04/2022,Folic Acid 5mg,4,101,404
10/04/2022,Sitagliptin 100mg,15,340,5100
10/04/2022,Aripiprazole 10mg,27,115,3105
10/04/2022,Citalopram 20mg,15,127,1905
10/04/2022,Lidocaine 2% injection,9,223,2007
17/04/2022,Ceftriaxone 1g,31,352,10912
17/04/2022,Budesonide 100mcg,20,238,4760
17/04/2022,Citalopram 20mg,15,250,3750
17/04/2022,Chlorhexidine 0.2% solution,13,291,3783
17/04/2022,Montelukast 10mg,10,187,1870
17/04/2022,Empagliflozin 10mg,33,350,11550
17/04/2022,Pantoprazole 40mg,8,193,1544
17/04/2022,Atorvastatin 20mg,15,122,1830
17/04/2022,Atenolol 50mg,8,98,784
17/04/2022,Posaconazole 300mg,11,339,3729
24/04/2022,Esomeprazole 40mg,12,203,2436
24/04/2022,Rosuvastatin 10mg,27,350,9450
24/04/2022,Morphine 10mg,28,212,5936
24/04/2022,Gentamicin 80mg/2ml,17,241,4097
24/04/2022,Olanzapine 5mg,14,125,1750
24/04/2022,Sertraline 50mg,13,253,3289
24/04/2022,Phenobarbital 30mg,8,108,864
24/04/2022,Spironolactone 25mg,8,207,1656
24/04/2022,Chlorhexidine 0.2% solution,13,280,3640
24/04/2022,Hydrochlorothiazide 25mg,5,212,1060
01/05/2022,Ezetimibe 10mg,13,128,1664
01/05/2022,Losartan 50mg,10,354,3540
01/05/2022,Folic Acid 5mg,4,358,1432
01/05/2022,Amphotericin B 50mg,12,160,1920
01/05/2022,Valsartan 80mg,23,177,4071
01/05/2022,Albuterol 100mcg,7,269,1883
01/05/2022,Aspirin 75mg,5,301,1505
01/05/2022,Cetirizine 10mg,6,314,1884
01/05/2022,Clozapine 25mg,22,318,6996
01/05/2022,Diazepam 5mg,26,307,7982
08/05/2022,Paliperidone 3mg,20,184,3680
08/05/2022,Furosemide 40mg,9,284,2556
08/05/2022,Ibuprofen 200mg,7,227,1589
08/05/2022,Teneligliptin 20mg,15,211,3165
08/05/2022,Rivaroxaban 10mg,32,145,4640
08/05/2022,Amlodipine 5mg,11,282,3102
08/05/2022,Carbamazepine 200mg,10,154,1540
08/05/2022,Atorvastatin 20mg,15,350,5250
08/05/2022,Valsartan 80mg,23,226,5198
08/05/2022,Chlorhexidine 0.2% solution,13,178,2314
15/05/2022,Rosuvastatin 10mg,27,337,9099
15/05/2022,Pantoprazole 40mg,8,311,2488
15/05/2022,Methotrexate 2.5mg,22,194,4268
15/05/2022,Propranolol 40mg,8,332,2656
15/05/2022,Lisinopril 10mg,15,346,5190
15/05/2022,Finasteride 1mg,10,267,2670
15/05/2022,Olanzapine 5mg,14,181,2534
15/05/2022,Voriconazole 200mg,9,239,2151
15/05/2022,Simvastatin 40mg,10,192,1920
15/05/2022,Atenolol 50mg,8,236,1888
22/05/2022,Meloxicam 15mg,8,274,2192
22/05/2022,Fluconazole 150mg,10,231,2310
22/05/2022,Pioglitazone 15mg,19,224,4256
22/05/2022,Atorvastatin 20mg,15,229,3435
22/05/2022,Amiodarone 200mg,25,247,6175
22/05/2022,Gabapentin 300mg,14,141,1974
22/05/2022,Cetirizine 10mg,6,191,1146
22/05/2022,Paracetamol 500mg,6,197,1182
22/05/2022,Ketoconazole 2% cream,18,314,5652
22/05/2022,Montelukast 10mg,10,106,1060
29/05/2022,Fluconazole 150mg,10,130,1300
29/05/2022,Carbamazepine 200mg,10,196,1960
29/05/2022,Amoxicillin 500mg,11,183,2013
29/05/2022,Phenylephrine 0.12%,11,123,1353
29/05/2022,Atenolol 50mg,8,203,1624
29/05/2022,Linagliptin 5mg,33,84,2772
29/05/2022,Folic Acid 5mg,4,236,944
29/05/2022,Metformin 500mg,13,257,3341
29/05/2022,Paliperidone 3mg,20,244,4880
29/05/2022,Furosemide 40mg,9,105,945
05/06/2022,Gliclazide 80mg,28,263,7364
05/06/2022,Atenolol 50mg,8,210,1680
05/06/2022,Ondansetron 4mg,12,140,1680
05/06/2022,Apixaban 5mg,35,259,9065
05/06/2022,Posaconazole 300mg,11,291,3201
05/06/2022,Hydrochlorothiazide 25mg,5,266,1330
05/06/2022,Carbamazepine 200mg,10,229,2290
05/06/2022,Rosuvastatin 10mg,27,172,4644
05/06/2022,Finasteride 1mg,10,210,2100
05/06/2022,Citalopram 20mg,15,287,4305
12/06/2022,Lorazepam 2mg,7,216,1512
12/06/2022,Paracetamol 500mg,6,249,1494
12/06/2022,Acyclovir 400mg,6,77,462
12/06/2022,Valproate 500mg,7,162,1134
12/06/2022,Lidocaine 2% injection,9,190,1710
12/06/2022,Apixaban 5mg,35,116,4060
12/06/2022,Losartan 50mg,10,146,1460
12/06/2022,Lurasidone 40mg,17,234,3978
12/06/2022,Paliperidone 3mg,20,158,3160
12/06/2022,Ezetimibe 10mg,13,88,1144
19/06/2022,Morphine 10mg,28,73,2044
19/06/2022,Esomeprazole 40mg,12,182,2184
19/06/2022,Sildenafil 50mg,30,229,6870
19/06/2022,Voriconazole 200mg,9,184,1656
19/06/2022,Metoprolol 50mg,8,187,1496
19/06/2022,Posaconazole 300mg,11,162,1782
19/06/2022,Canagliflozin 100mg,37,90,3330
19/06/2022,Lorazepam 2mg,7,66,462
19/06/2022,Empagliflozin 10mg,33,121,3993
19/06/2022,Cetirizine Hydrochloride 10mg,6,81,486
26/06/2022,Acyclovir 400mg,6,172,1032
26/06/2022,Cetirizine Hydrochloride 10mg,6,192,1152
26/06/2022,Clindamycin 300mg,10,114,1140
26/06/2022,Paracetamol 500mg,6,171,1026
26/06/2022,Carbamazepine 200mg,10,201,2010
26/06/2022,Oxycodone 10mg,26,123,3198
26/06/2022,Rosuvastatin 10mg,27,96,2592
26/06/2022,Posaconazole 300mg,11,103,1133
26/06/2022,Diazepam 5mg,26,99,2574
26/06/2022,Alogliptin 25mg,14,91,1274
03/07/2022,Sitagliptin 100mg,15,137,2055
03/07/2022,Lurasidone 40mg,17,59,1003
03/07/2022,Phenobarbital 30mg,8,118,944
03/07/2022,Pantoprazole 40mg,8,158,1264
03/07/2022,Chlorhexidine 0.2% solution,13,154,2002
03/07/2022,Meloxicam 15mg,8,150,1200
03/07/2022,Atorvastatin 20mg,15,181,2715
03/07/2022,Methotrexate 2.5mg,22,194,4268
03/07/2022,Methylprednisolone 4mg,10,63,630
03/07/2022,Azithromycin 250mg,11,55,605
10/07/2022,Propranolol 40mg,8,151,1208
10/07/2022,Lidocaine 2% injection,9,114,1026
10/07/2022,Risperidone 1mg,7,153,1071
10/07/2022,Ranitidine 150mg,6,84,504
10/07/2022,Rosiglitazone 4mg,23,43,989
10/07/2022,Losartan 50mg,10,164,1640
10/07/2022,Methotrexate 2.5mg,22,72,1584
10/07/2022,Pantoprazole 40mg,8,73,584
10/07/2022,Hydralazine 25mg,5,161,805
10/07/2022,Rosuvastatin 10mg,27,96,2592
17/07/2022,Quetiapine 25mg,13,114,1482
17/07/2022,Ketoconazole 2% cream,18,38,684
17/07/2022,Lurasidone 40mg,17,54,918
17/07/2022,Ondansetron 4mg,12,122,1464
17/07/2022,Duloxetine 30mg,19,49,931
17/07/2022,Cyclobenzaprine 10mg,7,69,483
17/07/2022,Furosemide 40mg,9,69,621
17/07/2022,Insulin Glargine 100IU/ml,25,117,2925
17/07/2022,Risperidone 1mg,7,79,553
17/07/2022,Fluconazole 150mg,10,108,1080
24/07/2022,Posaconazole 300mg,11,124,1364
24/07/2022,Linagliptin 5mg,33,106,3498
24/07/2022,Propranolol 40mg,8,99,792
24/07/2022,Phenylephrine 0.12%,11,103,1133
24/07/2022,Tolbutamide 500mg,30,110,3300
24/07/2022,Finasteride 1mg,10,94,940
24/07/2022,Pregabalin 75mg,22,50,1100
24/07/2022,Montelukast 10mg,10,53,530
24/07/2022,Folic Acid 5mg,4,116,464
24/07/2022,Metoprolol 50mg,8,98,784
31/07/2022,Ibuprofen 200mg,7,101,707
31/07/2022,Morphine 10mg,28,49,1372
31/07/2022,Pregabalin 75mg,22,36,792
31/07/2022,Posaconazole 300mg,11,54,594
31/07/2022,Spironolactone 25mg,8,61,488
31/07/2022,Pioglitazone 15mg,19,98,1862
31/07/2022,Alogliptin 25mg,14,58,812
31/07/2022,Sitagliptin 100mg,15,31,465
31/07/2022,Duloxetine 30mg,19,106,2014
31/07/2022,Rosiglitazone 4mg,23,69,1587
07/08/2022,Ranitidine 150mg,6,59,354
07/08/2022,Amlodipine 5mg,11,52,572
07/08/2022,Cyclobenzaprine 10mg,7,36,252
07/08/2022,Metoprolol 50mg,8,21,168
07/08/2022,Alogliptin 25mg,14,46,644
07/08/2022,Fluoxetine 20mg,16,24,384
07/08/2022,Lidocaine 2% injection,9,61,549
07/08/2022,Empagliflozin 10mg,33,41,1353
07/08/2022,Azithromycin 250mg,11,37,407
07/08/2022,Doxycycline 100mg,16,22,352
14/08/2022,Fluconazole 150mg,10,25,250
14/08/2022,Sitagliptin 100mg,15,50,750
14/08/2022,Montelukast 10mg,10,59,590
14/08/2022,Methylprednisolone 4mg,10,47,470
14/08/2022,Ibuprofen 200mg,7,64,448
14/08/2022,Metformin 500mg,13,47,611
14/08/2022,Hydrochlorothiazide 25mg,5,47,235
14/08/2022,Lurasidone 40mg,17,58,986
14/08/2022,Pantoprazole 40mg,8,16,128
14/08/2022,Losartan 50mg,10,61,610
21/08/2022,Chlorhexidine 0.2% solution,13,20,260
21/08/2022,Cyclobenzaprine 10mg,7,17,119
21/08/2022,Hydralazine 25mg,5,24,120
21/08/2022,Risperidone 1mg,7,23,161
21/08/2022,Clopidogrel 75mg,12,18,216
21/08/2022,Ezetimibe 10mg,13,45,585
21/08/2022,Ranitidine 150mg,6,23,138
21/08/2022,Doxycycline 100mg,16,31,496
21/08/2022,Chlorpropamide 250mg,26,26,676
21/08/2022,Clonazepam 1mg,24,43,1032
28/08/2022,Alogliptin 25mg,14,30,420
28/08/2022,Amiodarone 200mg,25,25,625
28/08/2022,Baclofen 10mg,9,15,135
28/08/2022,Phenylephrine 0.12%,11,11,121
28/08/2022,Finasteride 1mg,10,20,200
28/08/2022,Budesonide 100mcg,20,28,560
28/08/2022,Montelukast 10mg,10,27,270
28/08/2022,Esomeprazole 40mg,12,19,228
28/08/2022,Rosiglitazone 4mg,23,9,207
28/08/2022,Teneligliptin 20mg,15,25,375
04/09/2022,Quetiapine 25mg,13,13,169
04/09/2022,Fluoxetine 20mg,16,17,272
04/09/2022,Linagliptin 5mg,33,11,363
04/09/2022,Atenolol 50mg,8,22,176
04/09/2022,Phenobarbital 30mg,8,18,144
04/09/2022,Chlorpropamide 250mg,26,15,390
04/09/2022,Hydralazine 25mg,5,9,45
04/09/2022,Ibuprofen 200mg,7,19,133
04/09/2022,Levothyroxine 50mcg,5,17,85
04/09/2022,Methylprednisolone 4mg,10,6,60
11/09/2022,Paracetamol 500mg,6,6,36
11/09/2022,Esomeprazole 40mg,12,12,144
11/09/2022,Lurasidone 40mg,17,5,85
11/09/2022,Olanzapine 5mg,14,5,70
11/09/2022,Rosuvastatin 10mg,27,10,270
11/09/2022,Canagliflozin 100mg,37,6,222
11/09/2022,Midazolam 5mg/ml,6,10,60
11/09/2022,Cyclobenzaprine 10mg,7,9,63
11/09/2022,Duloxetine 30mg,19,11,209
11/09/2022,Amlodipine 5mg,11,12,132
18/09/2022,Acyclovir 400mg,6,4,24
18/09/2022,Fluoxetine 20mg,16,4,64
18/09/2022,Clozapine 25mg,22,5,110
18/09/2022,Quetiapine 25mg,13,5,65
18/09/2022,Budesonide 100mcg,20,3,60
18/09/2022,Ibuprofen 200mg,7,5,35
18/09/2022,Tamsulosin 0.4mg,18,5,90
18/09/2022,Meloxicam 15mg,8,5,40
18/09/2022,Lorazepam 2mg,7,5,35
18/09/2022,Methylprednisolone 4mg,10,5,50
25/09/2022,Clozapine 25mg,22,1,22
25/09/2022,Simvastatin 40mg,10,0,0
25/09/2022,Posaconazole 300mg,11,0,0
25/09/2022,Citalopram 20mg,15,0,0
25/09/2022,Lorazepam 2mg,7,1,7
25/09/2022,Paliperidone 3mg,20,1,20
25/09/2022,Alprazolam 0.5mg,24,1,24
25/09/2022,Aripiprazole 10mg,27,0,0
25/09/2022,Dapagliflozin 10mg,36,0,0
25/09/2022,Tamsulosin 0.4mg,18,0,0
02/10/2022,Voriconazole 200mg,9,0,0
02/10/2022,Ranitidine 150mg,6,0,0
02/10/2022,Metoprolol 50mg,8,0,0
02/10/2022,Tramadol 50mg,22,0,0
02/10/2022,Quetiapine 25mg,13,0,0
02/10/2022,Levofloxacin 500mg,20,0,0
02/10/2022,Pregabalin 75mg,22,0,0
02/10/2022,Lisinopril 10mg,15,0,0
02/10/2022,Olanzapine 5mg,14,0,0
02/10/2022,Azithromycin 250mg,11,0,0
09/10/2022,Valsartan 80mg,23,0,0
09/10/2022,Fluoxetine 20mg,16,1,16
09/10/2022,Methylprednisolone 4mg,10,0,0
09/10/2022,Lidocaine 2% injection,9,1,9
09/10/2022,Lisinopril 10mg,15,0,0
09/10/2022,Cyclobenzaprine 10mg,7,1,7
09/10/2022,Ondansetron 4mg,12,0,0
09/10/2022,Risperidone 1mg,7,0,0
09/10/2022,Ceftriaxone 1g,31,0,0
09/10/2022,Clozapine 25mg,22,0,0
16/10/2022,Atorvastatin 20mg,15,4,60
16/10/2022,Sertraline 50mg,13,3,39
16/10/2022,Valproate 500mg,7,2,14
16/10/2022,Propranolol 40mg,8,1,8
16/10/2022,Teneligliptin 20mg,15,2,30
16/10/2022,Tamsulosin 0.4mg,18,4,72
16/10/2022,Tramadol 50mg,22,4,88
16/10/2022,Amoxicillin 500mg,11,5,55
16/10/2022,Diazepam 5mg,26,5,130
16/10/2022,Sitagliptin 100mg,15,2,30
23/10/2022,Albuterol 100mcg,7,11,77
23/10/2022,Warfarin 5mg,21,4,84
23/10/2022,Fluconazole 150mg,10,9,90
23/10/2022,Cyclobenzaprine 10mg,7,4,28
23/10/2022,Rosiglitazone 4mg,23,4,92
23/10/2022,Methotrexate 2.5mg,22,4,88
23/10/2022,Lidocaine 2% injection,9,5,45
23/10/2022,Ibuprofen 200mg,7,5,35
23/10/2022,Ceftriaxone 1g,31,4,124
23/10/2022,Sildenafil 50mg,30,9,270
30/10/2022,Fluoxetine 20mg,16,17,272
30/10/2022,Simvastatin 40mg,10,15,150
30/10/2022,Rivaroxaban 10mg,32,7,224
30/10/2022,Alogliptin 25mg,14,16,224
30/10/2022,Omeprazole 20mg,9,22,198
30/10/2022,Canagliflozin 100mg,37,15,555
30/10/2022,Sertraline 50mg,13,20,260
30/10/2022,Lorazepam 2mg,7,13,91
30/10/2022,Esomeprazole 40mg,12,20,240
30/10/2022,Fluconazole 150mg,10,7,70
06/11/2022,Losartan 50mg,10,21,210
06/11/2022,Teneligliptin 20mg,15,9,135
06/11/2022,Citalopram 20mg,15,29,435
06/11/2022,Budesonide 100mcg,20,10,200
06/11/2022,Glimepiride 2mg,25,35,875
06/11/2022,Olanzapine 5mg,14,22,308
06/11/2022,Methylprednisolone 4mg,10,28,280
06/11/2022,Rosiglitazone 4mg,23,19,437
06/11/2022,Paracetamol 500mg,6,30,180
06/11/2022,Ceftriaxone 1g,31,11,341
13/11/2022,Fluconazole 150mg,10,14,140
13/11/2022,Sitagliptin 100mg,15,43,645
13/11/2022,Linagliptin 5mg,33,24,792
13/11/2022,Diazepam 5mg,26,17,442
13/11/2022,Citalopram 20mg,15,34,510
13/11/2022,Gliclazide 80mg,28,40,1120
13/11/2022,Warfarin 5mg,21,31,651
13/11/2022,Gentamicin 80mg/2ml,17,25,425
13/11/2022,Tolbutamide 500mg,30,25,750
13/11/2022,Aspirin 75mg,5,16,80
20/11/2022,Meloxicam 15mg,8,51,408
20/11/2022,Clindamycin 300mg,10,62,620
20/11/2022,Ketoconazole 2% cream,18,25,450
20/11/2022,Duloxetine 30mg,19,38,722
20/11/2022,Finasteride 1mg,10,38,380
20/11/2022,Furosemide 40mg,9,55,495
20/11/2022,Aspirin 75mg,5,56,280
20/11/2022,Posaconazole 300mg,11,57,627
20/11/2022,Paliperidone 3mg,20,39,780
20/11/2022,Amoxicillin 500mg,11,33,363
27/11/2022,Furosemide 40mg,9,41,369
27/11/2022,Metformin 500mg,13,81,1053
27/11/2022,Canagliflozin 100mg,37,80,2960
27/11/2022,Meloxicam 15mg,8,45,360
27/11/2022,Glimepiride 2mg,25,79,1975
27/11/2022,Olanzapine 5mg,14,52,728
27/11/2022,Paliperidone 3mg,20,67,1340
27/11/2022,Pregabalin 75mg,22,64,1408
27/11/2022,Warfarin 5mg,21,31,651
27/11/2022,Clopidogrel 75mg,12,37,444
04/12/2022,Risperidone 1mg,7,48,336
04/12/2022,Phenylephrine 0.12%,11,78,858
04/12/2022,Apixaban 5mg,35,35,1225
04/12/2022,Levofloxacin 500mg,20,63,1260
04/12/2022,Carbamazepine 200mg,10,84,840
04/12/2022,Aspirin 75mg,5,73,365
04/12/2022,Spironolactone 25mg,8,42,336
04/12/2022,Gabapentin 300mg,14,81,1134
04/12/2022,Tolbutamide 500mg,30,86,2580
04/12/2022,Ranitidine 150mg,6,34,204
11/12/2022,Cetirizine 10mg,6,49,294
11/12/2022,Levofloxacin 500mg,20,111,2220
11/12/2022,Paracetamol 500mg,6,111,666
11/12/2022,Aripiprazole 10mg,27,60,1620
11/12/2022,Tamsulosin 0.4mg,18,46,828
11/12/2022,Olanzapine 5mg,14,89,1246
11/12/2022,Teneligliptin 20mg,15,94,1410
11/12/2022,Metformin 500mg,13,77,1001
11/12/2022,Warfarin 5mg,21,64,1344
11/12/2022,Azithromycin 250mg,11,120,1320
18/12/2022,Gliclazide 80mg,28,82,2296
18/12/2022,Baclofen 10mg,9,73,657
18/12/2022,Lamotrigine 100mg,8,138,1104
18/12/2022,Cetirizine 10mg,6,85,510
18/12/2022,Sitagliptin 100mg,15,55,825
18/12/2022,Clopidogrel 75mg,12,133,1596
18/12/2022,Warfarin 5mg,21,104,2184
18/12/2022,Esomeprazole 40mg,12,111,1332
18/12/2022,Lidocaine 2% injection,9,114,1026
18/12/2022,Simvastatin 40mg,10,39,390
25/12/2022,Albuterol 100mcg,7,74,518
25/12/2022,Cetirizine 10mg,6,90,540
25/12/2022,Clindamycin 300mg,10,72,720
25/12/2022,Midazolam 5mg/ml,6,87,522
25/12/2022,Meloxicam 15mg,8,52,416
25/12/2022,Ondansetron 4mg,12,95,1140
25/12/2022,Budesonide 100mcg,20,106,2120
25/12/2022,Phenobarbital 30mg,8,159,1272
25/12/2022,Tramadol 50mg,22,172,3784
25/12/2022,Sertraline 50mg,13,153,1989
01/01/2023,Amlodipine 5mg,11,122,1342
01/01/2023,Ezetimibe 10mg,13,188,2444
01/01/2023,Ranitidine 150mg,6,81,486
01/01/2023,Aspirin 75mg,5,89,445
01/01/2023,Tramadol 50mg,22,190,4180
01/01/2023,Levofloxacin 500mg,20,114,2280
01/01/2023,Apixaban 5mg,35,108,3780
01/01/2023,Montelukast 10mg,10,90,900
01/01/2023,Fluconazole 150mg,10,135,1350
01/01/2023,Alprazolam 0.5mg,24,69,1656
08/01/2023,Aspirin 75mg,5,164,820
08/01/2023,Ezetimibe 10mg,13,194,2522
08/01/2023,Lisinopril 10mg,15,85,1275
08/01/2023,Lorazepam 2mg,7,170,1190
08/01/2023,Metoprolol 50mg,8,151,1208
08/01/2023,Furosemide 40mg,9,126,1134
08/01/2023,Pregabalin 75mg,22,172,3784
08/01/2023,Sertraline 50mg,13,200,2600
08/01/2023,Fluconazole 150mg,10,70,700
08/01/2023,Baclofen 10mg,9,156,1404
15/01/2023,Insulin Glargine 100IU/ml,25,147,3675
15/01/2023,Vildagliptin 50mg,11,178,1958
15/01/2023,Empagliflozin 10mg,33,187,6171
15/01/2023,Hydrochlorothiazide 25mg,5,206,1030
15/01/2023,Meloxicam 15mg,8,216,1728
15/01/2023,Ezetimibe 10mg,13,69,897
15/01/2023,Ceftriaxone 1g,31,94,2914
15/01/2023,Atenolol 50mg,8,192,1536
15/01/2023,Fluoxetine 20mg,16,173,2768
15/01/2023,Spironolactone 25mg,8,107,856
22/01/2023,Paracetamol 500mg,6,102,612
22/01/2023,Carbamazepine 200mg,10,74,740
22/01/2023,Linagliptin 5mg,33,184,6072
22/01/2023,Methylprednisolone 4mg,10,124,1240
22/01/2023,Clindamycin 300mg,10,197,1970
22/01/2023,Finasteride 1mg,10,192,1920
22/01/2023,Lisinopril 10mg,15,237,3555
22/01/2023,Levothyroxine 50mcg,5,253,1265
22/01/2023,Vildagliptin 50mg,11,192,2112
22/01/2023,Gliclazide 80mg,28,98,2744
29/01/2023,Lorazepam 2mg,7,246,1722
29/01/2023,Rosiglitazone 4mg,23,194,4462
29/01/2023,Quetiapine 25mg,13,90,1170
29/01/2023,Folic Acid 5mg,4,112,448
29/01/2023,Insulin Glargine 100IU/ml,25,87,2175
29/01/2023,Spironolactone 25mg,8,282,2256
29/01/2023,Levofloxacin 500mg,20,269,5380
29/01/2023,Ezetimibe 10mg,13,120,1560
29/01/2023,Ceftriaxone 1g,31,98,3038
29/01/2023,Propranolol 40mg,8,205,1640
05/02/2023,Empagliflozin 10mg,33,191,6303
05/02/2023,Tamsulosin 0.4mg,18,288,5184
05/02/2023,Hydralazine 25mg,5,170,850
05/02/2023,Lorazepam 2mg,7,100,700
05/02/2023,Valproate 500mg,7,196,1372
05/02/2023,Baclofen 10mg,9,134,1206
05/02/2023,Ibuprofen 200mg,7,280,1960
05/02/2023,Methylprednisolone 4mg,10,144,1440
05/02/2023,Propranolol 40mg,8,246,1968
05/02/2023,Losartan 50mg,10,194,1940
12/02/2023,Baclofen 10mg,9,279,2511
12/02/2023,Midazolam 5mg/ml,6,304,1824
12/02/2023,Dapagliflozin 10mg,36,199,7164
12/02/2023,Metoprolol 50mg,8,231,1848
12/02/2023,Fluoxetine 20mg,16,224,3584
12/02/2023,Atorvastatin 20mg,15,128,1920
12/02/2023,Aripiprazole 10mg,27,251,6777
12/02/2023,Citalopram 20mg,15,176,2640
12/02/2023,Cetirizine 10mg,6,101,606
12/02/2023,Metformin 500mg,13,201,2613
19/02/2023,Olanzapine 5mg,14,318,4452
19/02/2023,Pregabalin 75mg,22,276,6072
19/02/2023,Atenolol 50mg,8,97,776
19/02/2023,Rosiglitazone 4mg,23,271,6233
19/02/2023,Pantoprazole 40mg,8,124,992
19/02/2023,Oxycodone 10mg,26,286,7436
19/02/2023,Sertraline 50mg,13,290,3770
19/02/2023,Insulin Glargine 100IU/ml,25,330,8250
19/02/2023,Sitagliptin 100mg,15,234,3510
19/02/2023,Teneligliptin 20mg,15,153,2295
26/02/2023,Methotrexate 2.5mg,22,200,4400
26/02/2023,Posaconazole 300mg,11,151,1661
26/02/2023,Lurasidone 40mg,17,348,5916
26/02/2023,Montelukast 10mg,10,288,2880
26/02/2023,Esomeprazole 40mg,12,107,1284
26/02/2023,Clonazepam 1mg,24,176,4224
26/02/2023,Ondansetron 4mg,12,193,2316
26/02/2023,Midazolam 5mg/ml,6,173,1038
26/02/2023,Budesonide 100mcg,20,273,5460
26/02/2023,Levothyroxine 50mcg,5,258,1290
05/03/2023,Quetiapine 25mg,13,165,2145
05/03/2023,Cetirizine Hydrochloride 10mg,6,113,678
05/03/2023,Phenobarbital 30mg,8,137,1096
05/03/2023,Meloxicam 15mg,8,145,1160
05/03/2023,Clonazepam 1mg,24,243,5832
05/03/2023,Propranolol 40mg,8,324,2592
05/03/2023,Amiodarone 200mg,25,360,9000
05/03/2023,Atenolol 50mg,8,339,2712
05/03/2023,Alogliptin 25mg,14,326,4564
05/03/2023,Amlodipine 5mg,11,120,1320
12/03/2023,Amphotericin B 50mg,12,356,4272
12/03/2023,Tramadol 50mg,22,125,2750
12/03/2023,Methylprednisolone 4mg,10,199,1990
12/03/2023,Posaconazole 300mg,11,294,3234
12/03/2023,Fluconazole 150mg,10,174,1740
12/03/2023,Tamsulosin 0.4mg,18,268,4824
12/03/2023,Rosuvastatin 10mg,27,381,10287
12/03/2023,Hydrochlorothiazide 25mg,5,249,1245
12/03/2023,Budesonide 100mcg,20,346,6920
12/03/2023,Amiodarone 200mg,25,108,2700
19/03/2023,Paliperidone 3mg,20,122,2440
19/03/2023,Doxycycline 100mg,16,110,1760
19/03/2023,Ranitidine 150mg,6,197,1182
19/03/2023,Omeprazole 20mg,9,317,2853
19/03/2023,Dapagliflozin 10mg,36,232,8352
19/03/2023,Pregabalin 75mg,22,317,6974
19/03/2023,Aspirin 75mg,5,262,1310
19/03/2023,Lamotrigine 100mg,8,266,2128
19/03/2023,Levothyroxine 50mcg,5,289,1445
19/03/2023,Canagliflozin 100mg,37,309,11433
26/03/2023,Clonazepam 1mg,24,350,8400
26/03/2023,Canagliflozin 100mg,37,269,9953
26/03/2023,Albuterol 100mcg,7,300,2100
26/03/2023,Dapagliflozin 10mg,36,153,5508
26/03/2023,Chlorhexidine 0.2% solution,13,223,2899
26/03/2023,Methylprednisolone 4mg,10,382,3820
26/03/2023,Alogliptin 25mg,14,322,4508
26/03/2023,Insulin Glargine 100IU/ml,25,340,8500
26/03/2023,Amoxicillin 500mg,11,336,3696
26/03/2023,Olanzapine 5mg,14,155,2170
02/04/2023,Canagliflozin 100mg,37,168,6216
02/04/2023,Amphotericin B 50mg,12,178,2136
02/04/2023,Metoprolol 50mg,8,182,1456
02/04/2023,Gliclazide 80mg,28,310,8680
02/04/2023,Acyclovir 400mg,6,210,1260
02/04/2023,Chlorhexidine 0.2% solution,13,298,3874
02/04/2023,Vildagliptin 50mg,11,368,4048
02/04/2023,Oxycodone 10mg,26,108,2808
02/04/2023,Methylprednisolone 4mg,10,382,3820
02/04/2023,Clonazepam 1mg,24,166,3984
09/04/2023,Aspirin 75mg,5,127,635
09/04/2023,Lidocaine 2% injection,9,107,963
09/04/2023,Ceftriaxone 1g,31,396,12276
09/04/2023,Glimepiride 2mg,25,243,6075
09/04/2023,Hydralazine 25mg,5,187,935
09/04/2023,Aripiprazole 10mg,27,376,10152
09/04/2023,Esomeprazole 40mg,12,119,1428
09/04/2023,Ranitidine 150mg,6,187,1122
09/04/2023,Furosemide 40mg,9,117,1053
09/04/2023,Sitagliptin 100mg,15,376,5640
16/04/2023,Dapagliflozin 10mg,36,364,13104
16/04/2023,Baclofen 10mg,9,183,1647
16/04/2023,Risperidone 1mg,7,346,2422
16/04/2023,Insulin Glargine 100IU/ml,25,248,6200
16/04/2023,Lorazepam 2mg,7,177,1239
16/04/2023,Sitagliptin 100mg,15,118,1770
16/04/2023,Posaconazole 300mg,11,155,1705
16/04/2023,Ondansetron 4mg,12,299,3588
16/04/2023,Metoprolol 50mg,8,301,2408
16/04/2023,Glimepiride 2mg,25,149,3725
23/04/2023,Losartan 50mg,10,108,1080
23/04/2023,Fluconazole 150mg,10,278,2780
23/04/2023,Amoxicillin 500mg,11,123,1353
23/04/2023,Dapagliflozin 10mg,36,265,9540
23/04/2023,Paliperidone 3mg,20,350,7000
23/04/2023,Lorazepam 2mg,7,158,1106
23/04/2023,Risperidone 1mg,7,365,2555
23/04/2023,Ondansetron 4mg,12,181,2172
23/04/2023,Hydrochlorothiazide 25mg,5,114,570
23/04/2023,Fluoxetine 20mg,16,199,3184
30/04/2023,Ketoconazole 2% cream,18,303,5454
30/04/2023,Lisinopril 10mg,15,137,2055
30/04/2023,Losartan 50mg,10,273,2730
30/04/2023,Alogliptin 25mg,14,307,4298
30/04/2023,Rosuvastatin 10mg,27,339,9153
30/04/2023,Chlorpropamide 250mg,26,126,3276
30/04/2023,Amlodipine 5mg,11,164,1804
30/04/2023,Methylprednisolone 4mg,10,103,1030
30/04/2023,Acyclovir 400mg,6,164,984
30/04/2023,Hydrochlorothiazide 25mg,5,250,1250
07/05/2023,Cetirizine Hydrochloride 10mg,6,211,1266
07/05/2023,Atorvastatin 20mg,15,333,4995
07/05/2023,Paracetamol 500mg,6,175,1050
07/05/2023,Tamsulosin 0.4mg,18,289,5202
07/05/2023,Apixaban 5mg,35,255,8925
07/05/2023,Glimepiride 2mg,25,156,3900
07/05/2023,Sertraline 50mg,13,191,2483
07/05/2023,Diazepam 5mg,26,195,5070
07/05/2023,Rivaroxaban 10mg,32,337,10784
07/05/2023,Folic Acid 5mg,4,286,1144
14/05/2023,Chlorhexidine 0.2% solution,13,194,2522
14/05/2023,Alogliptin 25mg,14,204,2856
14/05/2023,Hydrochlorothiazide 25mg,5,167,835
14/05/2023,Morphine 10mg,28,332,9296
14/05/2023,Metformin 500mg,13,89,1157
14/05/2023,Clozapine 25mg,22,127,2794
14/05/2023,Ketoconazole 2% cream,18,120,2160
14/05/2023,Risperidone 1mg,7,250,1750
14/05/2023,Budesonide 100mcg,20,118,2360
14/05/2023,Cetirizine Hydrochloride 10mg,6,94,564
21/05/2023,Budesonide 100mcg,20,174,3480
21/05/2023,Rosuvastatin 10mg,27,272,7344
21/05/2023,Paliperidone 3mg,20,289,5780
21/05/2023,Gentamicin 80mg/2ml,17,104,1768
21/05/2023,Aripiprazole 10mg,27,114,3078
21/05/2023,Pregabalin 75mg,22,89,1958
21/05/2023,Levofloxacin 500mg,20,312,6240
21/05/2023,Tolbutamide 500mg,30,244,7320
21/05/2023,Clozapine 25mg,22,161,3542
21/05/2023,Carbamazepine 200mg,10,271,2710
28/05/2023,Canagliflozin 100mg,37,183,6771
28/05/2023,Clonazepam 1mg,24,205,4920
28/05/2023,Montelukast 10mg,10,83,830
28/05/2023,Clindamycin 300mg,10,261,2610
28/05/2023,Ceftriaxone 1g,31,177,5487
28/05/2023,Sildenafil 50mg,30,109,3270
28/05/2023,Carbamazepine 200mg,10,81,810
28/05/2023,Fluoxetine 20mg,16,183,2928
28/05/2023,Pioglitazone 15mg,19,312,5928
28/05/2023,Atorvastatin 20mg,15,89,1335
04/06/2023,Valsartan 80mg,23,218,5014
04/06/2023,Hydralazine 25mg,5,146,730
04/06/2023,Clindamycin 300mg,10,150,1500
04/06/2023,Empagliflozin 10mg,33,222,7326
04/06/2023,Lamotrigine 100mg,8,186,1488
04/06/2023,Dapagliflozin 10mg,36,96,3456
04/06/2023,Duloxetine 30mg,19,200,3800
04/06/2023,Meloxicam 15mg,8,254,2032
04/06/2023,Lidocaine 2% injection,9,210,1890
04/06/2023,Diazepam 5mg,26,115,2990
11/06/2023,Ondansetron 4mg,12,100,1200
11/06/2023,Hydralazine 25mg,5,230,1150
11/06/2023,Esomeprazole 40mg,12,241,2892
11/06/2023,Methotrexate 2.5mg,22,150,3300
11/06/2023,Sildenafil 50mg,30,121,3630
11/06/2023,Vildagliptin 50mg,11,219,2409
11/06/2023,Linagliptin 5mg,33,102,3366
11/06/2023,Alprazolam 0.5mg,24,264,6336
11/06/2023,Amoxicillin 500mg,11,100,1100
11/06/2023,Empagliflozin 10mg,33,162,5346
18/06/2023,Duloxetine 30mg,19,153,2907
18/06/2023,Oxycodone 10mg,26,125,3250
18/06/2023,Montelukast 10mg,10,245,2450
18/06/2023,Apixaban 5mg,35,128,4480
18/06/2023,Esomeprazole 40mg,12,126,1512
18/06/2023,Amiodarone 200mg,25,133,3325
18/06/2023,Tamsulosin 0.4mg,18,189,3402
18/06/2023,Baclofen 10mg,9,95,855
18/06/2023,Diazepam 5mg,26,87,2262
18/06/2023,Morphine 10mg,28,239,6692
25/06/2023,Dapagliflozin 10mg,36,104,3744
25/06/2023,Hydrochlorothiazide 25mg,5,113,565
25/06/2023,Carbamazepine 200mg,10,145,1450
25/06/2023,Simvastatin 40mg,10,59,590
25/06/2023,Diazepam 5mg,26,150,3900
25/06/2023,Lamotrigine 100mg,8,78,624
25/06/2023,Atenolol 50mg,8,161,1288
25/06/2023,Ibuprofen 200mg,7,72,504
25/06/2023,Tolbutamide 500mg,30,152,4560
25/06/2023,Methylprednisolone 4mg,10,201,2010
02/07/2023,Diazepam 5mg,26,173,4498
02/07/2023,Paracetamol 500mg,6,180,1080
02/07/2023,Clindamycin 300mg,10,140,1400
02/07/2023,Valsartan 80mg,23,131,3013
02/07/2023,Lurasidone 40mg,17,188,3196
02/07/2023,Olanzapine 5mg,14,115,1610
02/07/2023,Propranolol 40mg,8,131,1048
02/07/2023,Alprazolam 0.5mg,24,176,4224
02/07/2023,Gentamicin 80mg/2ml,17,90,1530
02/07/2023,Furosemide 40mg,9,72,648
09/07/2023,Olanzapine 5mg,14,91,1274
09/07/2023,Ezetimibe 10mg,13,77,1001
09/07/2023,Spironolactone 25mg,8,156,1248
09/07/2023,Linagliptin 5mg,33,74,2442
09/07/2023,Clindamycin 300mg,10,148,1480
09/07/2023,Glimepiride 2mg,25,154,3850
09/07/2023,Tolbutamide 500mg,30,137,4110
09/07/2023,Voriconazole 200mg,9,123,1107
09/07/2023,Rosiglitazone 4mg,23,125,2875
09/07/2023,Levofloxacin 500mg,20,54,1080
16/07/2023,Meloxicam 15mg,8,148,1184
16/07/2023,Rivaroxaban 10mg,32,57,1824
16/07/2023,Esomeprazole 40mg,12,134,1608
16/07/2023,Ketoconazole 2% cream,18,90,1620
16/07/2023,Clozapine 25mg,22,77,1694
16/07/2023,Apixaban 5mg,35,90,3150
16/07/2023,Atorvastatin 20mg,15,42,630
16/07/2023,Levofloxacin 500mg,20,130,2600
16/07/2023,Phenylephrine 0.12%,11,76,836
16/07/2023,Cyclobenzaprine 10mg,7,47,329
23/07/2023,Ranitidine 150mg,6,87,522
23/07/2023,Tramadol 50mg,22,66,1452
23/07/2023,Rosiglitazone 4mg,23,96,2208
23/07/2023,Dapagliflozin 10mg,36,39,1404
23/07/2023,Methylprednisolone 4mg,10,85,850
23/07/2023,Metformin 500mg,13,64,832
23/07/2023,Phenylephrine 0.12%,11,63,693
23/07/2023,Hydrochlorothiazide 25mg,5,100,500
23/07/2023,Diazepam 5mg,26,44,1144
23/07/2023,Metoprolol 50mg,8,83,664
30/07/2023,Simvastatin 40mg,10,56,560
30/07/2023,Paracetamol 500mg,6,76,456
30/07/2023,Valsartan 80mg,23,49,1127
30/07/2023,Rosuvastatin 10mg,27,89,2403
30/07/2023,Clopidogrel 75mg,12,54,648
30/07/2023,Baclofen 10mg,9,50,450
30/07/2023,Hydralazine 25mg,5,39,195
30/07/2023,Gabapentin 300mg,14,31,434
30/07/2023,Metoprolol 50mg,8,95,760
30/07/2023,Chlorpropamide 250mg,26,66,1716
06/08/2023,Citalopram 20mg,15,71,1065
06/08/2023,Methylprednisolone 4mg,10,42,420
06/08/2023,Phenobarbital 30mg,8,43,344
06/08/2023,Clindamycin 300mg,10,65,650
06/08/2023,Ibuprofen 200mg,7,25,175
06/08/2023,Amiodarone 200mg,25,50,1250
06/08/2023,Losartan 50mg,10,82,820
06/08/2023,Posaconazole 300mg,11,76,836
06/08/2023,Budesonide 100mcg,20,40,800
06/08/2023,Omeprazole 20mg,9,30,270
13/08/2023,Canagliflozin 100mg,37,37,1369
13/08/2023,Propranolol 40mg,8,63,504
13/08/2023,Oxycodone 10mg,26,33,858
13/08/2023,Metformin 500mg,13,27,351
13/08/2023,Citalopram 20mg,15,57,855
13/08/2023,Risperidone 1mg,7,53,371
13/08/2023,Amphotericin B 50mg,12,38,456
13/08/2023,Clindamycin 300mg,10,66,660
13/08/2023,Carbamazepine 200mg,10,53,530
13/08/2023,Empagliflozin 10mg,33,33,1089
20/08/2023,Gabapentin 300mg,14,50,700
20/08/2023,Meloxicam 15mg,8,45,360
20/08/2023,Valsartan 80mg,23,35,805
20/08/2023,Cetirizine Hydrochloride 10mg,6,16,96
20/08/2023,Simvastatin 40mg,10,32,320
20/08/2023,Gentamicin 80mg/2ml,17,27,459
20/08/2023,Aripiprazole 10mg,27,49,1323
20/08/2023,Amiodarone 200mg,25,34,850
20/08/2023,Atorvastatin 20mg,15,40,600
20/08/2023,Voriconazole 200mg,9,19,171
27/08/2023,Insulin Glargine 100IU/ml,25,31,775
27/08/2023,Alprazolam 0.5mg,24,22,528
27/08/2023,Sertraline 50mg,13,28,364
27/08/2023,Chlorhexidine 0.2% solution,13,22,286
27/08/2023,Empagliflozin 10mg,33,13,429
27/08/2023,Cetirizine Hydrochloride 10mg,6,35,210
27/08/2023,Pantoprazole 40mg,8,32,256
27/08/2023,Albuterol 100mcg,7,32,224
27/08/2023,Furosemide 40mg,9,24,216
27/08/2023,Ezetimibe 10mg,13,26,338
03/09/2023,Alprazolam 0.5mg,24,12,288
03/09/2023,Alogliptin 25mg,14,12,168
03/09/2023,Paliperidone 3mg,20,14,280
03/09/2023,Phenobarbital 30mg,8,15,120
03/09/2023,Clozapine 25mg,22,12,264
03/09/2023,Pantoprazole 40mg,8,12,96
03/09/2023,Teneligliptin 20mg,15,21,315
03/09/2023,Warfarin 5mg,21,18,378
03/09/2023,Cetirizine 10mg,6,6,36
03/09/2023,Levofloxacin 500mg,20,10,200
10/09/2023,Doxycycline 100mg,16,7,112
10/09/2023,Clonazepam 1mg,24,10,240
10/09/2023,Atorvastatin 20mg,15,8,120
10/09/2023,Simvastatin 40mg,10,6,60
10/09/2023,Pantoprazole 40mg,8,6,48
10/09/2023,Risperidone 1mg,7,4,28
10/09/2023,Phenobarbital 30mg,8,9,72
10/09/2023,Vildagliptin 50mg,11,11,121
10/09/2023,Atenolol 50mg,8,9,72
10/09/2023,Amphotericin B 50mg,12,12,144
17/09/2023,Apixaban 5mg,35,1,35
17/09/2023,Alogliptin 25mg,14,3,42
17/09/2023,Hydralazine 25mg,5,3,15
17/09/2023,Oxycodone 10mg,26,2,52
17/09/2023,Midazolam 5mg/ml,6,2,12
17/09/2023,Alprazolam 0.5mg,24,5,120
17/09/2023,Finasteride 1mg,10,4,40
17/09/2023,Cetirizine 10mg,6,5,30
17/09/2023,Losartan 50mg,10,3,30
17/09/2023,Hydrochlorothiazide 25mg,5,3,15
24/09/2023,Paliperidone 3mg,20,0,0
24/09/2023,Voriconazole 200mg,9,0,0
24/09/2023,Aspirin 75mg,5,0,0
24/09/2023,Amoxicillin 500mg,11,1,11
24/09/2023,Propranolol 40mg,8,1,8
24/09/2023,Gabapentin 300mg,14,1,14
24/09/2023,Diazepam 5mg,26,1,26
24/09/2023,Clopidogrel 75mg,12,0,0
24/09/2023,Metoprolol 50mg,8,1,8
24/09/2023,Ranitidine 150mg,6,1,6
01/10/2023,Fluconazole 150mg,10,0,0
01/10/2023,Risperidone 1mg,7,0,0
01/10/2023,Amlodipine 5mg,11,0,0
01/10/2023,Cyclobenzaprine 10mg,7,0,0
01/10/2023,Spironolactone 25mg,8,0,0
01/10/2023,Folic Acid 5mg,4,0,0
01/10/2023,Atorvastatin 20mg,15,0,0
01/10/2023,Omeprazole 20mg,9,0,0
01/10/2023,Furosemide 40mg,9,0,0
01/10/2023,Cetirizine 10mg,6,0,0
08/10/2023,Sildenafil 50mg,30,1,30
08/10/2023,Doxycycline 100mg,16,1,16
08/10/2023,Amoxicillin 500mg,11,0,0
08/10/2023,Furosemide 40mg,9,0,0
08/10/2023,Atenolol 50mg,8,0,0
08/10/2023,Lidocaine 2% injection,9,1,9
08/10/2023,Rosuvastatin 10mg,27,0,0
08/10/2023,Clonazepam 1mg,24,0,0
08/10/2023,Chlorpropamide 250mg,26,1,26
08/10/2023,Albuterol 100mcg,7,0,0
15/10/2023,Losartan 50mg,10,4,40
15/10/2023,Ceftriaxone 1g,31,4,124
15/10/2023,Tramadol 50mg,22,2,44
15/10/2023,Cetirizine Hydrochloride 10mg,6,2,12
15/10/2023,Rosuvastatin 10mg,27,1,27
15/10/2023,Vildagliptin 50mg,11,4,44
15/10/2023,Clozapine 25mg,22,2,44
15/10/2023,Ibuprofen 200mg,7,4,28
15/10/2023,Metoprolol 50mg,8,3,24
15/10/2023,Warfarin 5mg,21,1,21
22/10/2023,Montelukast 10mg,10,5,50
22/10/2023,Midazolam 5mg/ml,6,5,30
22/10/2023,Ranitidine 150mg,6,9,54
22/10/2023,Alprazolam 0.5mg,24,7,168
22/10/2023,Ceftriaxone 1g,31,7,217
22/10/2023,Amlodipine 5mg,11,5,55
22/10/2023,Finasteride 1mg,10,9,90
22/10/2023,Empagliflozin 10mg,33,5,165
22/10/2023,Levofloxacin 500mg,20,5,100
22/10/2023,Esomeprazole 40mg,12,11,132
29/10/2023,Citalopram 20mg,15,8,120
29/10/2023,Gentamicin 80mg/2ml,17,16,272
29/10/2023,Lurasidone 40mg,17,19,323
29/10/2023,Amiodarone 200mg,25,11,275
29/10/2023,Rivaroxaban 10mg,32,6,192
29/10/2023,Metformin 500mg,13,12,156
29/10/2023,Risperidone 1mg,7,12,84
29/10/2023,Rosiglitazone 4mg,23,16,368
29/10/2023,Meloxicam 15mg,8,21,168
29/10/2023,Spironolactone 25mg,8,22,176
05/11/2023,Risperidone 1mg,7,19,133
05/11/2023,Metformin 500mg,13,24,312
05/11/2023,Dapagliflozin 10mg,36,22,792
05/11/2023,Levothyroxine 50mcg,5,18,90
05/11/2023,Chlorhexidine 0.2% solution,13,32,416
05/11/2023,Empagliflozin 10mg,33,13,429
05/11/2023,Esomeprazole 40mg,12,11,132
05/11/2023,Lamotrigine 100mg,8,33,264
05/11/2023,Carbamazepine 200mg,10,11,110
05/11/2023,Gentamicin 80mg/2ml,17,34,578
12/11/2023,Tramadol 50mg,22,44,968
12/11/2023,Olanzapine 5mg,14,23,322
12/11/2023,Folic Acid 5mg,4,36,144
12/11/2023,Ondansetron 4mg,12,20,240
12/11/2023,Voriconazole 200mg,9,24,216
12/11/2023,Warfarin 5mg,21,32,672
12/11/2023,Glimepiride 2mg,25,23,575
12/11/2023,Quetiapine 25mg,13,49,637
12/11/2023,Sertraline 50mg,13,31,403
12/11/2023,Rosuvastatin 10mg,27,17,459
19/11/2023,Lamotrigine 100mg,8,58,464
19/11/2023,Lurasidone 40mg,17,34,578
19/11/2023,Cyclobenzaprine 10mg,7,66,462
19/11/2023,Sildenafil 50mg,30,19,570
19/11/2023,Diazepam 5mg,26,34,884
19/11/2023,Lorazepam 2mg,7,28,196
19/11/2023,Simvastatin 40mg,10,23,230
19/11/2023,Risperidone 1mg,7,40,280
19/11/2023,Vildagliptin 50mg,11,24,264
19/11/2023,Glimepiride 2mg,25,25,625
26/11/2023,Valproate 500mg,7,56,392
26/11/2023,Clonazepam 1mg,24,85,2040
26/11/2023,Voriconazole 200mg,9,54,486
26/11/2023,Propranolol 40mg,8,80,640
26/11/2023,Pioglitazone 15mg,19,62,1178
26/11/2023,Cetirizine 10mg,6,41,246
26/11/2023,Omeprazole 20mg,9,60,540
26/11/2023,Fluoxetine 20mg,16,85,1360
26/11/2023,Clindamycin 300mg,10,71,710
26/11/2023,Gabapentin 300mg,14,34,476
03/12/2023,Esomeprazole 40mg,12,63,756
03/12/2023,Diazepam 5mg,26,102,2652
03/12/2023,Midazolam 5mg/ml,6,56,336
03/12/2023,Folic Acid 5mg,4,77,308
03/12/2023,Pioglitazone 15mg,19,71,1349
03/12/2023,Citalopram 20mg,15,46,690
03/12/2023,Aspirin 75mg,5,85,425
03/12/2023,Tolbutamide 500mg,30,50,1500
03/12/2023,Tramadol 50mg,22,70,1540
03/12/2023,Rosiglitazone 4mg,23,51,1173
10/12/2023,Tamsulosin 0.4mg,18,81,1458
10/12/2023,Hydralazine 25mg,5,70,350
10/12/2023,Clopidogrel 75mg,12,83,996
10/12/2023,Sitagliptin 100mg,15,71,1065
10/12/2023,Doxycycline 100mg,16,69,1104
10/12/2023,Fluoxetine 20mg,16,102,1632
10/12/2023,Empagliflozin 10mg,33,121,3993
10/12/2023,Cetirizine Hydrochloride 10mg,6,69,414
10/12/2023,Risperidone 1mg,7,70,490
10/12/2023,Ceftriaxone 1g,31,112,3472
17/12/2023,Cyclobenzaprine 10mg,7,79,553
17/12/2023,Gentamicin 80mg/2ml,17,120,2040
17/12/2023,Teneligliptin 20mg,15,72,1080
17/12/2023,Amlodipine 5mg,11,76,836
17/12/2023,Amphotericin B 50mg,12,91,1092
17/12/2023,Hydralazine 25mg,5,131,655
17/12/2023,Ondansetron 4mg,12,60,720
17/12/2023,Warfarin 5mg,21,69,1449
17/12/2023,Alogliptin 25mg,14,44,616
17/12/2023,Finasteride 1mg,10,51,510
24/12/2023,Lurasidone 40mg,17,164,2788
24/12/2023,Levothyroxine 50mcg,5,145,725
24/12/2023,Hydralazine 25mg,5,93,465
24/12/2023,Ondansetron 4mg,12,153,1836
24/12/2023,Valproate 500mg,7,119,833
24/12/2023,Sildenafil 50mg,30,80,2400
24/12/2023,Rivaroxaban 10mg,32,138,4416
24/12/2023,Gliclazide 80mg,28,82,2296
24/12/2023,Paliperidone 3mg,20,105,2100
24/12/2023,Ketoconazole 2% cream,18,77,1386
31/12/2023,Sildenafil 50mg,30,119,3570
31/12/2023,Acyclovir 400mg,6,148,888
31/12/2023,Cyclobenzaprine 10mg,7,53,371
31/12/2023,Amoxicillin 500mg,11,175,1925
31/12/2023,Rosiglitazone 4mg,23,102,2346
31/12/2023,Pantoprazole 40mg,8,112,896
31/12/2023,Insulin Glargine 100IU/ml,25,74,1850
31/12/2023,Gabapentin 300mg,14,123,1722
31/12/2023,Ceftriaxone 1g,31,152,4712
31/12/2023,Paracetamol 500mg,6,185,1110
07/01/2024,Empagliflozin 10mg,33,63,2079
07/01/2024,Omeprazole 20mg,9,201,1809
07/01/2024,Methotrexate 2.5mg,22,206,4532
07/01/2024,Chlorpropamide 250mg,26,128,3328
07/01/2024,Clozapine 25mg,22,59,1298
07/01/2024,Ezetimibe 10mg,13,108,1404
07/01/2024,Atorvastatin 20mg,15,211,3165
07/01/2024,Furosemide 40mg,9,70,630
07/01/2024,Doxycycline 100mg,16,122,1952
07/01/2024,Montelukast 10mg,10,127,1270
14/01/2024,Aripiprazole 10mg,27,92,2484
14/01/2024,Montelukast 10mg,10,92,920
14/01/2024,Valsartan 80mg,23,96,2208
14/01/2024,Midazolam 5mg/ml,6,214,1284
14/01/2024,Teneligliptin 20mg,15,74,1110
14/01/2024,Ranitidine 150mg,6,175,1050
14/01/2024,Albuterol 100mcg,7,68,476
14/01/2024,Glimepiride 2mg,25,63,1575
14/01/2024,Amoxicillin 500mg,11,195,2145
14/01/2024,Fluconazole 150mg,10,218,2180
21/01/2024,Olanzapine 5mg,14,176,2464
21/01/2024,Duloxetine 30mg,19,138,2622
21/01/2024,Losartan 50mg,10,71,710
21/01/2024,Linagliptin 5mg,33,107,3531
21/01/2024,Ranitidine 150mg,6,83,498
21/01/2024,Cetirizine Hydrochloride 10mg,6,212,1272
21/01/2024,Quetiapine 25mg,13,172,2236
21/01/2024,Empagliflozin 10mg,33,79,2607
21/01/2024,Atenolol 50mg,8,207,1656
21/01/2024,Montelukast 10mg,10,216,2160
28/01/2024,Simvastatin 40mg,10,150,1500
28/01/2024,Oxycodone 10mg,26,140,3640
28/01/2024,Quetiapine 25mg,13,193,2509
28/01/2024,Clopidogrel 75mg,12,87,1044
28/01/2024,Valproate 500mg,7,235,1645
28/01/2024,Levofloxacin 500mg,20,222,4440
28/01/2024,Doxycycline 100mg,16,73,1168
28/01/2024,Lurasidone 40mg,17,276,4692
28/01/2024,Budesonide 100mcg,20,281,5620
28/01/2024,Tamsulosin 0.4mg,18,83,1494
04/02/2024,Folic Acid 5mg,4,310,1240
04/02/2024,Finasteride 1mg,10,247,2470
04/02/2024,Levothyroxine 50mcg,5,277,1385
04/02/2024,Levofloxacin 500mg,20,202,4040
04/02/2024,Alprazolam 0.5mg,24,238,5712
04/02/2024,Insulin Glargine 100IU/ml,25,312,7800
04/02/2024,Canagliflozin 100mg,37,90,3330
04/02/2024,Fluconazole 150mg,10,269,2690
04/02/2024,Posaconazole 300mg,11,235,2585
04/02/2024,Azithromycin 250mg,11,213,2343
11/02/2024,Tamsulosin 0.4mg,18,311,5598
11/02/2024,Methotrexate 2.5mg,22,182,4004
11/02/2024,Fluconazole 150mg,10,254,2540
11/02/2024,Budesonide 100mcg,20,294,5880
11/02/2024,Doxycycline 100mg,16,94,1504
11/02/2024,Propranolol 40mg,8,256,2048
11/02/2024,Posaconazole 300mg,11,249,2739
11/02/2024,Lidocaine 2% injection,9,176,1584
11/02/2024,Gabapentin 300mg,14,222,3108
11/02/2024,Lorazepam 2mg,7,156,1092
18/02/2024,Baclofen 10mg,9,99,891
18/02/2024,Lisinopril 10mg,15,300,4500
18/02/2024,Phenylephrine 0.12%,11,307,3377
18/02/2024,Metoprolol 50mg,8,272,2176
18/02/2024,Methotrexate 2.5mg,22,326,7172
18/02/2024,Empagliflozin 10mg,33,215,7095
18/02/2024,Alprazolam 0.5mg,24,307,7368
18/02/2024,Ceftriaxone 1g,31,157,4867
18/02/2024,Chlorhexidine 0.2% solution,13,257,3341
18/02/2024,Fluoxetine 20mg,16,152,2432
25/02/2024,Folic Acid 5mg,4,149,596
25/02/2024,Cyclobenzaprine 10mg,7,142,994
25/02/2024,Ketoconazole 2% cream,18,103,1854
25/02/2024,Amoxicillin 500mg,11,207,2277
25/02/2024,Furosemide 40mg,9,113,1017
25/02/2024,Valproate 500mg,7,173,1211
25/02/2024,Phenobarbital 30mg,8,160,1280
25/02/2024,Chlorpropamide 250mg,26,205,5330
25/02/2024,Gabapentin 300mg,14,122,1708
25/02/2024,Pregabalin 75mg,22,215,4730
03/03/2024,Paliperidone 3mg,20,113,2260
03/03/2024,Clindamycin 300mg,10,265,2650
03/03/2024,Aspirin 75mg,5,105,525
03/03/2024,Spironolactone 25mg,8,367,2936
03/03/2024,Budesonide 100mcg,20,177,3540
03/03/2024,Ranitidine 150mg,6,239,1434
03/03/2024,Citalopram 20mg,15,363,5445
03/03/2024,Ceftriaxone 1g,31,162,5022
03/03/2024,Gabapentin 300mg,14,158,2212
03/03/2024,Amlodipine 5mg,11,239,2629
10/03/2024,Alogliptin 25mg,14,143,2002
10/03/2024,Spironolactone 25mg,8,241,1928
10/03/2024,Risperidone 1mg,7,118,826
10/03/2024,Methotrexate 2.5mg,22,183,4026
10/03/2024,Lamotrigine 100mg,8,104,832
10/03/2024,Glimepiride 2mg,25,216,5400
10/03/2024,Methylprednisolone 4mg,10,245,2450
10/03/2024,Doxycycline 100mg,16,234,3744
10/03/2024,Citalopram 20mg,15,330,4950
10/03/2024,Paracetamol 500mg,6,210,1260
17/03/2024,Clonazepam 1mg,24,273,6552
17/03/2024,Levothyroxine 50mcg,5,333,1665
17/03/2024,Acyclovir 400mg,6,250,1500
17/03/2024,Midazolam 5mg/ml,6,137,822
17/03/2024,Duloxetine 30mg,19,358,6802
17/03/2024,Citalopram 20mg,15,350,5250
17/03/2024,Chlorpropamide 250mg,26,122,3172
17/03/2024,Folic Acid 5mg,4,386,1544
17/03/2024,Lorazepam 2mg,7,118,826
17/03/2024,Ibuprofen 200mg,7,226,1582
24/03/2024,Apixaban 5mg,35,386,13510
24/03/2024,Ibuprofen 200mg,7,219,1533
24/03/2024,Folic Acid 5mg,4,286,1144
24/03/2024,Montelukast 10mg,10,304,3040
24/03/2024,Amiodarone 200mg,25,153,3825
24/03/2024,Amlodipine 5mg,11,332,3652
24/03/2024,Alogliptin 25mg,14,271,3794
24/03/2024,Chlorhexidine 0.2% solution,13,229,2977
24/03/2024,Linagliptin 5mg,33,111,3663
24/03/2024,Budesonide 100mcg,20,187,3740
31/03/2024,Losartan 50mg,10,176,1760
31/03/2024,Empagliflozin 10mg,33,190,6270
31/03/2024,Sitagliptin 100mg,15,224,3360
31/03/2024,Posaconazole 300mg,11,148,1628
31/03/2024,Vildagliptin 50mg,11,340,3740
31/03/2024,Baclofen 10mg,9,326,2934
31/03/2024,Diazepam 5mg,26,320,8320
31/03/2024,Pregabalin 75mg,22,332,7304
31/03/2024,Furosemide 40mg,9,204,1836
31/03/2024,Clonazepam 1mg,24,358,8592
07/04/2024,Valsartan 80mg,23,151,3473
07/04/2024,Propranolol 40mg,8,380,3040
07/04/2024,Montelukast 10mg,10,121,1210
07/04/2024,Oxycodone 10mg,26,99,2574
07/04/2024,Citalopram 20mg,15,318,4770
07/04/2024,Pantoprazole 40mg,8,231,1848
07/04/2024,Amoxicillin 500mg,11,101,1111
07/04/2024,Cetirizine 10mg,6,302,1812
07/04/2024,Ondansetron 4mg,12,328,3936
07/04/2024,Phenobarbital 30mg,8,245,1960
14/04/2024,Alogliptin 25mg,14,380,5320
14/04/2024,Aspirin 75mg,5,337,1685
14/04/2024,Ketoconazole 2% cream,18,303,5454
14/04/2024,Metformin 500mg,13,256,3328
14/04/2024,Chlorhexidine 0.2% solution,13,167,2171
14/04/2024,Teneligliptin 20mg,15,112,1680
14/04/2024,Paliperidone 3mg,20,153,3060
14/04/2024,Ezetimibe 10mg,13,189,2457
14/04/2024,Finasteride 1mg,10,299,2990
14/04/2024,Glimepiride 2mg,25,271,6775
21/04/2024,Amiodarone 200mg,25,379,9475
21/04/2024,Hydrochlorothiazide 25mg,5,375,1875
21/04/2024,Valproate 500mg,7,297,2079
21/04/2024,Midazolam 5mg/ml,6,259,1554
21/04/2024,Quetiapine 25mg,13,108,1404
21/04/2024,Amoxicillin 500mg,11,185,2035
21/04/2024,Warfarin 5mg,21,284,5964
21/04/2024,Pantoprazole 40mg,8,236,1888
21/04/2024,Simvastatin 40mg,10,307,3070
21/04/2024,Phenobarbital 30mg,8,216,1728
28/04/2024,Sildenafil 50mg,30,322,9660
28/04/2024,Diazepam 5mg,26,290,7540
28/04/2024,Teneligliptin 20mg,15,260,3900
28/04/2024,Dapagliflozin 10mg,36,188,6768
28/04/2024,Lidocaine 2% injection,9,296,2664
28/04/2024,Spironolactone 25mg,8,165,1320
28/04/2024,Ranitidine 150mg,6,150,900
28/04/2024,Cetirizine Hydrochloride 10mg,6,341,2046
28/04/2024,Insulin Glargine 100IU/ml,25,241,6025
28/04/2024,Ceftriaxone 1g,31,113,3503
05/05/2024,Atenolol 50mg,8,138,1104
05/05/2024,Sildenafil 50mg,30,218,6540
05/05/2024,Empagliflozin 10mg,33,107,3531
05/05/2024,Aripiprazole 10mg,27,185,4995
05/05/2024,Amiodarone 200mg,25,264,6600
05/05/2024,Fluconazole 150mg,10,302,3020
05/05/2024,Posaconazole 300mg,11,291,3201
05/05/2024,Omeprazole 20mg,9,322,2898
05/05/2024,Hydrochlorothiazide 25mg,5,123,615
05/05/2024,Ondansetron 4mg,12,251,3012
12/05/2024,Oxycodone 10mg,26,243,6318
12/05/2024,Canagliflozin 100mg,37,96,3552
12/05/2024,Montelukast 10mg,10,342,3420
12/05/2024,Baclofen 10mg,9,187,1683
12/05/2024,Amoxicillin 500mg,11,141,1551
12/05/2024,Cetirizine 10mg,6,342,2052
12/05/2024,Furosemide 40mg,9,337,3033
12/05/2024,Morphine 10mg,28,113,3164
12/05/2024,Sitagliptin 100mg,15,216,3240
12/05/2024,Hydrochlorothiazide 25mg,5,187,935
19/05/2024,Ezetimibe 10mg,13,164,2132
19/05/2024,Sertraline 50mg,13,291,3783
19/05/2024,Lisinopril 10mg,15,126,1890
19/05/2024,Rosiglitazone 4mg,23,126,2898
19/05/2024,Valproate 500mg,7,172,1204
19/05/2024,Finasteride 1mg,10,276,2760
19/05/2024,Methylprednisolone 4mg,10,177,1770
19/05/2024,Rivaroxaban 10mg,32,259,8288
19/05/2024,Morphine 10mg,28,114,3192
19/05/2024,Ondansetron 4mg,12,89,1068
26/05/2024,Amphotericin B 50mg,12,191,2292
26/05/2024,Gentamicin 80mg/2ml,17,282,4794
26/05/2024,Empagliflozin 10mg,33,216,7128
26/05/2024,Esomeprazole 40mg,12,78,936
26/05/2024,Pantoprazole 40mg,8,170,1360
26/05/2024,Diazepam 5mg,26,98,2548
26/05/2024,Acyclovir 400mg,6,137,822
26/05/2024,Sertraline 50mg,13,263,3419
26/05/2024,Folic Acid 5mg,4,164,656
26/05/2024,Hydralazine 25mg,5,203,1015
02/06/2024,Lidocaine 2% injection,9,155,1395
02/06/2024,Phenylephrine 0.12%,11,224,2464
02/06/2024,Hydralazine 25mg,5,216,1080
02/06/2024,Alogliptin 25mg,14,175,2450
02/06/2024,Rosiglitazone 4mg,23,86,1978
02/06/2024,Valproate 500mg,7,74,518
02/06/2024,Dapagliflozin 10mg,36,158,5688
02/06/2024,Levofloxacin 500mg,20,83,1660
02/06/2024,Ondansetron 4mg,12,221,2652
02/06/2024,Sitagliptin 100mg,15,282,4230
09/06/2024,Lamotrigine 100mg,8,82,656
09/06/2024,Methotrexate 2.5mg,22,154,3388
09/06/2024,Alogliptin 25mg,14,113,1582
09/06/2024,Folic Acid 5mg,4,172,688
09/06/2024,Acyclovir 400mg,6,165,990
09/06/2024,Risperidone 1mg,7,132,924
09/06/2024,Metoprolol 50mg,8,78,624
09/06/2024,Lisinopril 10mg,15,209,3135
09/06/2024,Doxycycline 100mg,16,197,3152
09/06/2024,Midazolam 5mg/ml,6,256,1536
16/06/2024,Aripiprazole 10mg,27,69,1863
16/06/2024,Valsartan 80mg,23,195,4485
16/06/2024,Sitagliptin 100mg,15,156,2340
16/06/2024,Empagliflozin 10mg,33,64,2112
16/06/2024,Clozapine 25mg,22,85,1870
16/06/2024,Morphine 10mg,28,190,5320
16/06/2024,Lisinopril 10mg,15,237,3555
16/06/2024,Hydralazine 25mg,5,83,415
16/06/2024,Oxycodone 10mg,26,235,6110
16/06/2024,Esomeprazole 40mg,12,185,2220
23/06/2024,Paliperidone 3mg,20,182,3640
23/06/2024,Omeprazole 20mg,9,62,558
23/06/2024,Finasteride 1mg,10,126,1260
23/06/2024,Pioglitazone 15mg,19,86,1634
23/06/2024,Ibuprofen 200mg,7,183,1281
23/06/2024,Valproate 500mg,7,60,420
23/06/2024,Atorvastatin 20mg,15,174,2610
23/06/2024,Pregabalin 75mg,22,146,3212
23/06/2024,Meloxicam 15mg,8,214,1712
23/06/2024,Paracetamol 500mg,6,81,486
30/06/2024,Posaconazole 300mg,11,193,2123
30/06/2024,Ondansetron 4mg,12,101,1212
30/06/2024,Gentamicin 80mg/2ml,17,70,1190
30/06/2024,Methylprednisolone 4mg,10,78,780
30/06/2024,Diazepam 5mg,26,184,4784
30/06/2024,Clozapine 25mg,22,168,3696
30/06/2024,Meloxicam 15mg,8,185,1480
30/06/2024,Folic Acid 5mg,4,169,676
30/06/2024,Metoprolol 50mg,8,171,1368
30/06/2024,Rosuvastatin 10mg,27,66,1782
07/07/2024,Folic Acid 5mg,4,138,552
07/07/2024,Ezetimibe 10mg,13,64,832
07/07/2024,Doxycycline 100mg,16,129,2064
07/07/2024,Esomeprazole 40mg,12,131,1572
07/07/2024,Atenolol 50mg,8,157,1256
07/07/2024,Oxycodone 10mg,26,152,3952
07/07/2024,Empagliflozin 10mg,33,110,3630
07/07/2024,Duloxetine 30mg,19,47,893
07/07/2024,Valproate 500mg,7,94,658
07/07/2024,Quetiapine 25mg,13,132,1716
14/07/2024,Gentamicin 80mg/2ml,17,48,816
14/07/2024,Cetirizine 10mg,6,106,636
14/07/2024,Valproate 500mg,7,50,350
14/07/2024,Tamsulosin 0.4mg,18,77,1386
14/07/2024,Citalopram 20mg,15,77,1155
14/07/2024,Alprazolam 0.5mg,24,58,1392
14/07/2024,Pioglitazone 15mg,19,149,2831
14/07/2024,Cyclobenzaprine 10mg,7,38,266
14/07/2024,Furosemide 40mg,9,55,495
14/07/2024,Risperidone 1mg,7,81,567
21/07/2024,Rosiglitazone 4mg,23,45,1035
21/07/2024,Alogliptin 25mg,14,128,1792
21/07/2024,Metoprolol 50mg,8,101,808
21/07/2024,Gabapentin 300mg,14,61,854
21/07/2024,Azithromycin 250mg,11,112,1232
21/07/2024,Amlodipine 5mg,11,107,1177
21/07/2024,Diazepam 5mg,26,40,1040
21/07/2024,Sitagliptin 100mg,15,123,1845
21/07/2024,Chlorpropamide 250mg,26,111,2886
21/07/2024,Oxycodone 10mg,26,43,1118
28/07/2024,Posaconazole 300mg,11,58,638
28/07/2024,Aripiprazole 10mg,27,49,1323
28/07/2024,Quetiapine 25mg,13,65,845
28/07/2024,Sertraline 50mg,13,81,1053
28/07/2024,Valproate 500mg,7,89,623
28/07/2024,Lisinopril 10mg,15,94,1410
28/07/2024,Midazolam 5mg/ml,6,84,504
28/07/2024,Levofloxacin 500mg,20,84,1680
28/07/2024,Sildenafil 50mg,30,71,2130
28/07/2024,Ketoconazole 2% cream,18,80,1440
04/08/2024,Levofloxacin 500mg,20,22,440
04/08/2024,Rivaroxaban 10mg,32,77,2464
04/08/2024,Azithromycin 250mg,11,78,858
04/08/2024,Ezetimibe 10mg,13,62,806
04/08/2024,Cyclobenzaprine 10mg,7,58,406
04/08/2024,Citalopram 20mg,15,65,975
04/08/2024,Risperidone 1mg,7,68,476
04/08/2024,Folic Acid 5mg,4,23,92
04/08/2024,Methylprednisolone 4mg,10,83,830
04/08/2024,Phenobarbital 30mg,8,44,352
11/08/2024,Sertraline 50mg,13,56,728
11/08/2024,Diazepam 5mg,26,40,1040
11/08/2024,Metoprolol 50mg,8,57,456
11/08/2024,Rosuvastatin 10mg,27,50,1350
11/08/2024,Linagliptin 5mg,33,40,1320
11/08/2024,Tramadol 50mg,22,20,440
11/08/2024,Fluconazole 150mg,10,23,230
11/08/2024,Quetiapine 25mg,13,27,351
11/08/2024,Sildenafil 50mg,30,60,1800
11/08/2024,Midazolam 5mg/ml,6,26,156
18/08/2024,Metformin 500mg,13,32,416
18/08/2024,Pioglitazone 15mg,19,49,931
18/08/2024,Paliperidone 3mg,20,38,760
18/08/2024,Sertraline 50mg,13,21,273
18/08/2024,Rosuvastatin 10mg,27,17,459
18/08/2024,Amlodipine 5mg,11,40,440
18/08/2024,Clonazepam 1mg,24,19,456
18/08/2024,Linagliptin 5mg,33,19,627
18/08/2024,Empagliflozin 10mg,33,49,1617
18/08/2024,Phenylephrine 0.12%,11,16,176
25/08/2024,Gentamicin 80mg/2ml,17,10,170
25/08/2024,Tramadol 50mg,22,10,220
25/08/2024,Furosemide 40mg,9,25,225
25/08/2024,Cetirizine Hydrochloride 10mg,6,30,180
25/08/2024,Methylprednisolone 4mg,10,16,160
25/08/2024,Amiodarone 200mg,25,34,850
25/08/2024,Clindamycin 300mg,10,33,330
25/08/2024,Morphine 10mg,28,34,952
25/08/2024,Sertraline 50mg,13,21,273
25/08/2024,Pantoprazole 40mg,8,20,160
